,item_name,img_link,label
0,Outdoor Research Helium Gaiter,https://rockrun.com/cdn/shop/products/outdoor-research-helium-gaiter_1_1600x.jpg?v=1655204507,0
1,Metolius Ultralight Curve Nuts,https://bananafingers.co.uk/media/catalog/product/cache/183e1672aae0fbc68f03bfd4fd2e0cd0/m/e/metolius_ultralight_curve_nuts_09-33-09-211_1.jpg,1
2,The North Face Women’s Summit Series Crevasse ½ Zip,https://bananafingers.co.uk/media/catalog/product/cache/183e1672aae0fbc68f03bfd4fd2e0cd0/7/u/7uty_jk3_hero_1.jpg,0
3,360° Vacuum Insulated Stainless Narrow Mouth Bottle (750ml),https://bananafingers.co.uk/media/catalog/product/cache/183e1672aae0fbc68f03bfd4fd2e0cd0/b/l/blackjpg_2.jpg,0
4,TENDONMaster Rope 7.8 50m,https://i1.adis.ws/i/jpl/go_577875_a?w=364&h=364,1
5,Edelweiss Performance Unicore 9.2mm,https://rockrun.com/cdn/shop/products/edelweiss-performance-9.2-green_1600x.jpg?v=1656064446,1
6,EdelridWomen's Onsight Tank,https://i1.adis.ws/i/jpl/go_681725_a?w=364&h=364,0
7,Outdoor Research Womens Zendo Pant,https://bananafingers.co.uk/media/catalog/product/cache/183e1672aae0fbc68f03bfd4fd2e0cd0/2/8/2878032275d1_1.png,0
8,Ocun Logo Tee Women,https://bananafingers.co.uk/media/catalog/product/cache/183e1672aae0fbc68f03bfd4fd2e0cd0/b/f/bftdmzlvtakxii5wn9nn-361357b456ec16843f8ba728b3aecf04.jpeg,0
9,Moon Samurai Pant - Women's,https://bananafingers.co.uk/media/catalog/product/cache/183e1672aae0fbc68f03bfd4fd2e0cd0/2/0/20-163-098-2_granite_01.jpg,0
10,PetzlLynx Crampon,https://i1.adis.ws/i/jpl/go_309457_a?w=364&h=364,0
11,Climbing TechnologyBerry 12cm Quickdraw 6 Pack,https://i1.adis.ws/i/jpl/go_675603_a?w=364&h=364,1
12,Moon Women's Sigma Leggings,https://bananafingers.co.uk/media/catalog/product/cache/183e1672aae0fbc68f03bfd4fd2e0cd0/2/0/20-154-098-2_granite_01_2.jpeg,0
13,CAMP Voyager,https://bananafingers.co.uk/media/catalog/product/cache/183e1672aae0fbc68f03bfd4fd2e0cd0/c/a/camp-voyager-22b-cam-3283-white-light-grey-1.jpeg,1
14,3rd Rock Women's Iris Trousers,https://bananafingers.co.uk/media/catalog/product/cache/183e1672aae0fbc68f03bfd4fd2e0cd0/s/c/screenshot_2022-11-01_at_09.35.31.png,0
15,Moon Women's Sigma Short,https://bananafingers.co.uk/media/catalog/product/cache/183e1672aae0fbc68f03bfd4fd2e0cd0/2/0/20-002-098-2_granite_01_1_.jpg,0
16,3rd Rock Eve Vest,https://bananafingers.co.uk/media/catalog/product/cache/183e1672aae0fbc68f03bfd4fd2e0cd0/s/c/screenshot_2022-11-01_at_11.36.35.png,0
17,Scott Supertrac RC 2,https://bananafingers.co.uk/media/catalog/product/cache/183e1672aae0fbc68f03bfd4fd2e0cd0/s/c/screenshot_2022-06-29_at_08-21-07_scott_supertrac_rc_2_shoe.png,0
18,So Solid Native Leggings,https://bananafingers.co.uk/media/catalog/product/cache/183e1672aae0fbc68f03bfd4fd2e0cd0/n/a/native_red_1_2.png,0
19,The North Face Women's Antora Jacket,https://bananafingers.co.uk/media/catalog/product/cache/183e1672aae0fbc68f03bfd4fd2e0cd0/7/q/7qeu_s96_hero.png,0
20,Evolv The General,https://bananafingers.co.uk/media/catalog/product/cache/183e1672aae0fbc68f03bfd4fd2e0cd0/e/v/evolv-the-general-climbing-shoes-detail-2_2.jpg,1
21,Picture Women's Dalni FZ Tech Hoodie,https://bananafingers.co.uk/media/catalog/product/cache/183e1672aae0fbc68f03bfd4fd2e0cd0/w/s/wsw303_b_f.png,0
22,Edelrid Women's Spotter Crew,https://bananafingers.co.uk/media/catalog/product/cache/183e1672aae0fbc68f03bfd4fd2e0cd0/s/p/spotair1_1.png,0
23,Metolius PAS 22,https://rockrun.com/cdn/shop/files/metoliuspas22-blue_1600x.png?v=1730907303,1
24,DMM IMP Brass Nut 2 - Red,https://www.climbers-shop.com/images/imp2.jpg?width=480&height=480&format=webp&quality=70&scale=both,1
25,Black Diamond Kids Mojo Chalk Bag in Glacier,https://www.climbers-shop.com/images/products/K/KM/k-mojo-blue.jpg?width=480&height=480&format=webp&quality=70&scale=both,1
26,PrAna Kimble Printed 7/8 Legging,https://bananafingers.co.uk/media/catalog/product/cache/183e1672aae0fbc68f03bfd4fd2e0cd0/p/r/prana-kimble-printed-7-8-legging-women-tivoli-1-1069276_2.jpg,0
27,Climbing Technology Duetto Pulley,https://www.climbers-shop.com/images/products/D/DU/DUETTO_2P654.png?width=480&height=480&format=webp&quality=70&scale=both,1
28,Evolv Shaman Lace,https://rockrun.com/cdn/shop/products/SHAMAN.Lace_1600x.png?v=1656673866,1
29,Black Diamond Forged Denim Pants - Women's,https://bananafingers.co.uk/media/catalog/product/cache/183e1672aae0fbc68f03bfd4fd2e0cd0/1/8/1801_source_1615533743_2.jpg,0
30,Black Diamond ATC Belay/Rappel Device in Black,https://www.climbers-shop.com/images/products/O/OU/OUTDOOR-BlackDiamond-U-ATCBelayRappelDevice_Black.png?width=480&height=480&format=webp&quality=70&scale=both,1
31,Grivel Mountain Runner EVO 10,https://bananafingers.co.uk/media/catalog/product/cache/183e1672aae0fbc68f03bfd4fd2e0cd0/g/r/grivel-mountain-runner-evo-10l-l-backpack_2.jpg,0
32,Black Diamond Momentum Lace - Women's,https://bananafingers.co.uk/media/catalog/product/cache/183e1672aae0fbc68f03bfd4fd2e0cd0/5/7/570108_9313_momentumlcwclmbsh_whitealloy_2_2.png,1
33,Boreal Mutant - Last Season's,https://bananafingers.co.uk/media/catalog/product/cache/183e1672aae0fbc68f03bfd4fd2e0cd0/3/0/3002968-003_pic1_boreal-men-mutant-climbing-shoe_boreal-men-mutant-climbing-shoe_2_1.jpg,1
34,Moon Cypher Short,https://bananafingers.co.uk/media/catalog/product/cache/183e1672aae0fbc68f03bfd4fd2e0cd0/m/o/moon_cypher_short_midnight_1.jpg,0
35,CASSINX-Dream Ice Pick,https://i1.adis.ws/i/jpl/go_462787_a?w=364&h=364,0
36,Picture Men's Mapoon Tee,https://bananafingers.co.uk/media/catalog/product/cache/183e1672aae0fbc68f03bfd4fd2e0cd0/m/t/mts1024_b_f.png,0
37,La Sportiva Kataki - Women's,https://bananafingers.co.uk/media/catalog/product/cache/183e1672aae0fbc68f03bfd4fd2e0cd0/2/0/20b_609301_1_2.jpg,1
38,DMM Revolver Wiregate in Titanium,https://www.climbers-shop.com/images/A238-Revolver copy.jpg?width=480&height=480&format=webp&quality=70&scale=both,1
39,Sea to Summit Kitchen Sink,https://bananafingers.co.uk/media/catalog/product/cache/183e1672aae0fbc68f03bfd4fd2e0cd0/g/r/green_2.jpg,0
40,La Sportiva Theory - Women's - Last Season's,https://bananafingers.co.uk/media/catalog/product/cache/183e1672aae0fbc68f03bfd4fd2e0cd0/2/0/20x_999402_1jpg_2.jpg,1
41,Edelrid Apus Pro Dry - 7.9mm,https://bananafingers.co.uk/media/catalog/product/cache/183e1672aae0fbc68f03bfd4fd2e0cd0/7/1/71236_329a.jpeg,1
42,Black Diamond Women's Notion SP Pants,https://bananafingers.co.uk/media/catalog/product/cache/183e1672aae0fbc68f03bfd4fd2e0cd0/a/3/a3721f1f6cf49f3cfda011419e6036be72203943__04645_1.jpg,0
43,La Sportiva Hyper GTX - Women's,https://bananafingers.co.uk/media/catalog/product/cache/183e1672aae0fbc68f03bfd4fd2e0cd0/1/7/17n_900912_06_2.jpg,0
44,Moon Regular Fit Vest,https://bananafingers.co.uk/media/catalog/product/cache/183e1672aae0fbc68f03bfd4fd2e0cd0/4/j/4j3w2y_8_2.jpeg,0
45,Climbing TechnologyAlp Loop 60cm,https://i1.adis.ws/i/jpl/go_675607_a?w=364&h=364,1
46,Scarpa Women's Mescalito Planet,https://bananafingers.co.uk/media/catalog/product/cache/183e1672aae0fbc68f03bfd4fd2e0cd0/s/c/scarpa-mescalito-planet-womens-approach-shoes-gray_1_1.jpg,0
47,Petzl Pick & Spike Protector (2024),https://rockrun.com/cdn/shop/products/petzl-spike-pick1_1600x.jpg?v=1570015627,0
48,Boreal Synergy,https://bananafingers.co.uk/media/catalog/product/cache/183e1672aae0fbc68f03bfd4fd2e0cd0/b/o/boreal_synergy_2.jpg,1
49,La Sportiva Class Tank,https://bananafingers.co.uk/media/catalog/product/cache/183e1672aae0fbc68f03bfd4fd2e0cd0/i/4/i45_715713_1_2.jpg,0
50,Black Diamond Women's Notion SP Pants - Last Season's,https://bananafingers.co.uk/media/catalog/product/cache/183e1672aae0fbc68f03bfd4fd2e0cd0/c/d/cd7ed24464fa943c5c6ba672d93dd85c39d38f89__99919.jpg,0
51,Black Diamond Apollo Lantern,https://bananafingers.co.uk/media/catalog/product/cache/183e1672aae0fbc68f03bfd4fd2e0cd0/6/2/620716_frph_apollo_grey_1.jpg,0
52,Scarpa Spin Ultra - Women's,https://bananafingers.co.uk/media/catalog/product/cache/183e1672aae0fbc68f03bfd4fd2e0cd0/s/c/scarpa_0035_33072-352-1_spi-ult-w_red-wht_spin_ultra_wmn_bright_red_-_white.jpg,0
53,Black Diamond Creek Transit 22,https://bananafingers.co.uk/media/catalog/product/cache/183e1672aae0fbc68f03bfd4fd2e0cd0/b/l/black_diamond_681196_blak_creektransit22_3.jpg,0
54,The North Face Women's Run Tight,https://bananafingers.co.uk/media/catalog/product/cache/183e1672aae0fbc68f03bfd4fd2e0cd0/i/m/image_2__1.png,0
55,Moon Volta Jean,https://bananafingers.co.uk/media/catalog/product/cache/183e1672aae0fbc68f03bfd4fd2e0cd0/v/o/volta_jean_1.jpg,0
56,Moon Dust Climbing Chalk (300g) 2-Pack,https://rockrun.com/cdn/shop/files/moondust2pack_1600x.png?v=1737469152,1
57,Silva Trail Speed 5XT,https://rockrun.com/cdn/shop/products/silva-trail-speed-5xt-overview_1600x.jpg?v=1647121863,1
58,Blue Ice Wadi 32L,https://rockrun.com/cdn/shop/files/Wadi32-Vulcan-1front-web_1600x.jpg?v=1686821150,0
59,GrivelNorth Machine with Spade Ice Axe,https://i1.adis.ws/i/jpl/go_345276_a?w=364&h=364,0
60,La Sportiva Cobra 4.99,https://bananafingers.co.uk/media/catalog/product/cache/183e1672aae0fbc68f03bfd4fd2e0cd0/2/0/20y_999100_1_4.jpg,1
61,Black Diamond Men's FineLine Stretch Shell,https://bananafingers.co.uk/media/catalog/product/cache/183e1672aae0fbc68f03bfd4fd2e0cd0/7/4/74cb0e2ca94d26c0de84fcba2fda7fab646c1923__18733.jpg,0
62,E9 Anna 2.2 Pants - Women's,https://rockrun.com/cdn/shop/files/ANNA2.2-3030_1800x1800_244fb0fb-d3fa-479c-a672-bd208836df1c_1600x.jpg?v=1742476441,0
63,Wild Country Flow Cap,https://bananafingers.co.uk/media/catalog/product/cache/183e1672aae0fbc68f03bfd4fd2e0cd0/b/0/b0c54cfc-b273-4a2e-a85c-bb4548c3b64d_wildcountry_350x3502x_1.jpg,0
64,Metolius Solid Wood Brush,https://bananafingers.co.uk/media/catalog/product/cache/183e1672aae0fbc68f03bfd4fd2e0cd0/m/e/metolius_solid_wood_brush_1.jpg,1
65,Metolius Dynamic Daisy,https://rockrun.com/cdn/shop/files/Dynamic-Daisy-Chain-sb_1600x.jpg?v=1742304757,1
66,Looking For Wild Bosson Sweatshirt,https://bananafingers.co.uk/media/catalog/product/cache/183e1672aae0fbc68f03bfd4fd2e0cd0/b/o/boss03_600x_2.jpg,0
67,Black Diamond Onsight 375,https://rockrun.com/cdn/shop/products/black-diamond-onsight-2_1600x.jpg?v=1615827577,1
68,Edelrid Loopo II,https://bananafingers.co.uk/media/catalog/product/cache/183e1672aae0fbc68f03bfd4fd2e0cd0/e/d/edelrid_loopo_ii_jade_petrol_4.jpg,1
69,La Sportiva Joya Short,https://bananafingers.co.uk/media/catalog/product/cache/183e1672aae0fbc68f03bfd4fd2e0cd0/o/7/o72_900907_2.jpg,0
70,Moon Climbing Hoody,https://bananafingers.co.uk/media/catalog/product/cache/183e1672aae0fbc68f03bfd4fd2e0cd0/1/5/15-240-013-3_navy_01.jpeg,0
71,Petzl Womens Luna Harness,https://www.climbers-shop.com/images/products/l/lu/luna2021.jpg?width=480&height=480&format=webp&quality=70&scale=both,1
72,Red Chili Sensor,https://rockrun.com/cdn/shop/products/red-chili-sensor-mens-front_1600x.jpg?v=1672237442,1
73,Rab Women's Lateral Tee,https://bananafingers.co.uk/media/catalog/product/cache/183e1672aae0fbc68f03bfd4fd2e0cd0/w/o/womens_lateral_tee_stormgreen_qcb_73_stg.jpg,0
74,Picture Women's Banyan CC Crew,https://bananafingers.co.uk/media/catalog/product/cache/183e1672aae0fbc68f03bfd4fd2e0cd0/w/s/wsw316_a_f.png,0
75,OcunMen's Bamboo Tee,https://i1.adis.ws/i/jpl/go_674097_a?w=364&h=364,0
76,Edelrid Apus Pro Dry 7.9mm,https://rockrun.com/cdn/shop/products/apus_ice_1600x.jpg?v=1532949904,1
77,Blue Ice Akila,https://bananafingers.co.uk/media/catalog/product/cache/183e1672aae0fbc68f03bfd4fd2e0cd0/a/q/aquila1-web_2.jpg,0
78,Looking For Wild Second Skin Leggings,https://bananafingers.co.uk/media/catalog/product/cache/183e1672aae0fbc68f03bfd4fd2e0cd0/l/o/looking-for-wild-second-skin-womens-leggings-tanin-2-981818_2.jpg,0
79,Rab Ascent 500,https://bananafingers.co.uk/media/catalog/product/cache/183e1672aae0fbc68f03bfd4fd2e0cd0/a/s/ascent_500_graphene_qsd_35_grh_01.jpg,0
80,Beal Monster Cocoon,https://bananafingers.co.uk/media/catalog/product/cache/183e1672aae0fbc68f03bfd4fd2e0cd0/3/8/386339-tm_thickbox_default_1.jpg,1
81,Wild Country Session Short - Men's,https://rockrun.com/cdn/shop/files/Wild-Country-Session-Short-Mens-Onyx_1600x.png?v=1739978446,0
82,Sea to Summit Comfort Plus Self Inflating Mat,https://bananafingers.co.uk/media/catalog/product/cache/183e1672aae0fbc68f03bfd4fd2e0cd0/a/s/asm2067-01061909.jpg,0
83,Rab Rhombic Tights - Last Season's,https://bananafingers.co.uk/media/catalog/product/cache/183e1672aae0fbc68f03bfd4fd2e0cd0/w/o/womens_rhombic_tights_deepheather_qfu_71_deh_02_on_model_2.jpg,0
84,Black Diamond Forged Denim Pants - Women's,https://rockrun.com/cdn/shop/products/14b849448a01bc773d082db282cbe14c3ddc1f46__47901_1600x.jpg?v=1677599988,0
85,Rab Torque Mountain Pants - Women's,https://bananafingers.co.uk/media/catalog/product/cache/183e1672aae0fbc68f03bfd4fd2e0cd0/w/o/womens_torque_mountain_pants_beluga_qfu_41_be_2.jpg,0
86,La Sportiva Zenit - Women's,https://bananafingers.co.uk/media/catalog/product/cache/183e1672aae0fbc68f03bfd4fd2e0cd0/3/0/30e_621999jpg_4.jpg,1
87,Picture Men's Nanum Tee,https://bananafingers.co.uk/media/catalog/product/cache/183e1672aae0fbc68f03bfd4fd2e0cd0/m/t/mts1023_b_f.png,0
88,Five-Ten Niad Lace,https://bananafingers.co.uk/media/catalog/product/cache/183e1672aae0fbc68f03bfd4fd2e0cd0/f/w/fw2851_ftw_photo_side-lateral-center_white_2.jpg,1
89,MetoliusSuper 7 Training Board Set,https://i1.adis.ws/i/jpl/go_300087_a?w=364&h=364,1
90,Black Diamond Men's Forged Denim Pants,https://bananafingers.co.uk/media/catalog/product/cache/183e1672aae0fbc68f03bfd4fd2e0cd0/4/2/4206_source_1612036345_2.jpg,0
91,Scarpa Reflex V - Womens,https://bananafingers.co.uk/media/catalog/product/cache/183e1672aae0fbc68f03bfd4fd2e0cd0/s/c/scarpa_0000_70067-002-1_ref-v-w_blk-cer_reflex_v_wmn_black_-_ceramic_2.jpg,1
92,Climbing Technology Berry DY Quickdraw,https://bananafingers.co.uk/media/catalog/product/cache/183e1672aae0fbc68f03bfd4fd2e0cd0/b/e/berry_set_dy-2e694gfd0a-1024x102412.png,1
93,Prana Kragg Pant - Mens,https://rockrun.com/cdn/shop/files/prana-m-kragg-pants-1965371-dark-iron-0-s22_1600x.jpg?v=1739544746,0
94,PrAna Pillar Legging,https://bananafingers.co.uk/media/catalog/product/cache/183e1672aae0fbc68f03bfd4fd2e0cd0/1/9/1963511_charcoalstripe_alt_9_2.jpg,0
95,Black Diamond Sierra Shorts - Women's,https://rockrun.com/cdn/shop/files/BD-Sierra-Shorts-Women-Tundra_1600x.webp?v=1685613375,0
96,Rab Flatiron Badge Cap,https://bananafingers.co.uk/media/catalog/product/cache/183e1672aae0fbc68f03bfd4fd2e0cd0/f/l/flatiron_badge_cap_pine_qab_03_pi.jpg,0
97,EVOLVWomen’s Elektra Lace Climbing Shoe,https://i1.adis.ws/i/jpl/go_453886_a?w=364&h=364,1
98,Climbing TechnologyCrampon and Axe Pack,https://i1.adis.ws/i/jpl/go_675600_a?w=364&h=364,0
99,EVOLVMen's Defy Lace Climbing Shoe,https://i1.adis.ws/i/jpl/go_453875_a?w=364&h=364,1
100,Black Diamond Gym Chalk Bag in Pink Quilt,https://www.climbers-shop.com/images/products/P/Pi/pink-quilt2.jpg?width=480&height=480&format=webp&quality=70&scale=both,1
101,Moon Hubble X Jean,https://bananafingers.co.uk/media/catalog/product/cache/183e1672aae0fbc68f03bfd4fd2e0cd0/h/u/hubble-x-climbing-jeans-fr-min_3.jpg,0
102,Edelrid Women's Spotter Zip Hoody,https://bananafingers.co.uk/media/catalog/product/cache/183e1672aae0fbc68f03bfd4fd2e0cd0/4/9/49239_069a.webp_1.png,0
103,La Sportiva TX2 Evo - Men's,https://bananafingers.co.uk/media/catalog/product/cache/183e1672aae0fbc68f03bfd4fd2e0cd0/l/a/la-sportiva-tx2-evo-mens-side_5000x_-_copy_0.jpg,0
104,Looking For Wild Bavella Shorts - Womens (Navy Peony),https://rockrun.com/cdn/shop/files/BAVELLA_NAVY_PEONY_FACE_341c0fd1-8bb5-4619-bc42-dd8fc0937b68_1600x.jpg?v=1715351621,0
105,Grivel Stealth Quickdraw,https://bananafingers.co.uk/media/catalog/product/cache/183e1672aae0fbc68f03bfd4fd2e0cd0/q/u/quickdraw_stealth_1000x_2.jpg,1
106,Picture Women's Chimany Pants,https://bananafingers.co.uk/media/catalog/product/cache/183e1672aae0fbc68f03bfd4fd2e0cd0/w/j/wjs012_c_f.png,0
107,Sea to Summit Nano Mosquito Pyramid Net,https://bananafingers.co.uk/media/catalog/product/cache/183e1672aae0fbc68f03bfd4fd2e0cd0/m/o/mosquito_pyramid_net_double_1.jpg,0
108,Sea to Summit Aeros Down Pillow,https://bananafingers.co.uk/media/catalog/product/cache/183e1672aae0fbc68f03bfd4fd2e0cd0/s/e/sea_to_summit_apildownrgy_aerosdownpillow_regular_grey_02_2.jpg,0
109,Wild Country Wildwire Quickdraw 6x10cm Pack,https://rockrun.com/cdn/shop/products/QD.10cm-6pk_1600x.png?v=1652109464,1
110,Black DiamondTransfer 3 Shovel,https://i1.adis.ws/i/jpl/go_302625_a?w=364&h=364,0
111,Red Chili Reactor Boulder Bag,https://bananafingers.co.uk/media/catalog/product/cache/183e1672aae0fbc68f03bfd4fd2e0cd0/3/6/36002_049a.webp_1_1.png,1
112,FrictionLabs Chalk 2.5oz (3-Pack),https://rockrun.com/cdn/shop/files/4_1d8adb39-c3ab-45bd-8906-5b44b858c01a_1600x.jpg?v=1709828621,1
113,Edelrid Legacy Shorts IV,https://bananafingers.co.uk/media/catalog/product/cache/183e1672aae0fbc68f03bfd4fd2e0cd0/4/9/49258_112a.webp_1.png,0
114,Black Diamond Mojo Kids,https://bananafingers.co.uk/media/catalog/product/cache/183e1672aae0fbc68f03bfd4fd2e0cd0/e/3/e3621ac98ab6f23d16f47a96941af65542cd6274__09095.1704488805.386.513_jpg_1.png,1
115,Wild Country Women's Stamina T-Shirt - Last Season's,https://bananafingers.co.uk/media/catalog/product/cache/183e1672aae0fbc68f03bfd4fd2e0cd0/d/6/d6bb0e64-c6e8-4848-a01d-f8511392ec68_wildcountry_2.jpg,0
116,La Sportiva Kataki,https://bananafingers.co.uk/media/catalog/product/cache/183e1672aae0fbc68f03bfd4fd2e0cd0/2/0/20a_606702jpg_4.jpg,1
117,Rab Men's Ascent 700,https://bananafingers.co.uk/media/catalog/product/cache/183e1672aae0fbc68f03bfd4fd2e0cd0/a/s/ascent_700_ink_qsd_37_ink_01_2.jpg,0
118,Mammut Crag Classic 9.8mm x 80m,https://rockrun.com/cdn/shop/files/2010-04270-01176_main_d46e35e1-69bb-4912-82cf-b35727b84861_1600x.jpg?v=1722866330,1
119,Black Diamond Alpine Bod,https://bananafingers.co.uk/media/catalog/product/cache/183e1672aae0fbc68f03bfd4fd2e0cd0/b/l/black_diamond_alpine_bod_2.jpg,1
120,Five-Ten NIAD VCS - Women's,https://bananafingers.co.uk/media/catalog/product/cache/183e1672aae0fbc68f03bfd4fd2e0cd0/f/w/fw2856_ftw_photo_side-lateral-center_white_2.jpg,1
121,Rab Women's Cirrus Flex Hoody,https://bananafingers.co.uk/media/catalog/product/cache/183e1672aae0fbc68f03bfd4fd2e0cd0/w/o/womens_cirrus_flex_hoody_eucalyptus_greenslate_qip_32_egs.jpg,0
122,Black Diamond Access Down Parka - Women's,https://bananafingers.co.uk/media/catalog/product/cache/183e1672aae0fbc68f03bfd4fd2e0cd0/a/c/access_parka_w_front.jpg,0
123,Black Diamond Method - Women's,https://bananafingers.co.uk/media/catalog/product/cache/183e1672aae0fbc68f03bfd4fd2e0cd0/5/7/570121_3045_w_method_climbing_shoes_patina_01_.png,1
124,Wild Country Session Short - Men's,https://bananafingers.co.uk/media/catalog/product/cache/183e1672aae0fbc68f03bfd4fd2e0cd0/d/d/dd33ba1c-8721-4bcf-bab6-6b4bcf085b14_wildcountry_600x600_0_2.jpg,0
125,Rab Women's Capstone Pants,https://bananafingers.co.uk/media/catalog/product/cache/183e1672aae0fbc68f03bfd4fd2e0cd0/w/o/womens_capstone_pants_anisegreen_qfu_95_ang.jpg,0
126,Scarpa Golden Gate ATR,https://bananafingers.co.uk/media/catalog/product/cache/183e1672aae0fbc68f03bfd4fd2e0cd0/3/3/33076-351-8_01_gol-gat-atr_mil-dpg_golden_gate_atr_military_-_deep_green_0_2.jpg,0
127,La Sportiva Onyx Short - Women's,https://bananafingers.co.uk/media/catalog/product/cache/183e1672aae0fbc68f03bfd4fd2e0cd0/e/x/exxpozed-res.cloudinary_2__1_1.png,0
128,Ocun O-sling Dyneema 8mm - 240cm,https://www.climbers-shop.com/images/products/y/yu/yupdfa2wz2.01630-O-sling-DYN-8-red (1).jpg?width=480&height=480&format=webp&quality=70&scale=both,1
129,Sea to Summit Air Chair,https://bananafingers.co.uk/media/catalog/product/cache/183e1672aae0fbc68f03bfd4fd2e0cd0/s/e/sea_to_summit_air_chair_large_2.jpg,0
130,Wild Country Wildwire Quickdraw 15cm,https://rockrun.com/cdn/shop/products/0bc17fac-347d-4e4d-bda7-6783ce2e1ed3_wildcountry_1600x.jpg?v=1592303932,1
131,Grivel Alpine Plume Captive Quickdraw,https://bananafingers.co.uk/media/catalog/product/cache/183e1672aae0fbc68f03bfd4fd2e0cd0/a/l/alpineplumecaptive162022_1575x1024.png,1
132,Sea to Summit Camp Mat Self Inflating Mat,https://bananafingers.co.uk/media/catalog/product/cache/183e1672aae0fbc68f03bfd4fd2e0cd0/u/n/untitled-18_1.jpg,0
133,3rd Rock Women's Saturn Bra,https://bananafingers.co.uk/media/catalog/product/cache/183e1672aae0fbc68f03bfd4fd2e0cd0/3/r/3rd-rock-saturn-black-back-front_1.jpg,0
134,Looking For Wild Sport Bra,https://bananafingers.co.uk/media/catalog/product/cache/183e1672aae0fbc68f03bfd4fd2e0cd0/b/r/brataninface1_600x_2.jpg,0
135,Beal Zest Quickdraw,https://bananafingers.co.uk/media/catalog/product/cache/183e1672aae0fbc68f03bfd4fd2e0cd0/2/2/221615.jpg,1
136,Five-Ten Crawe,https://bananafingers.co.uk/media/catalog/product/cache/183e1672aae0fbc68f03bfd4fd2e0cd0/f/i/five_ten_crawe_2_2.jpg,1
137,Sea to Summit Comfort Plus Insulated Mat Regular - Mummy,https://bananafingers.co.uk/media/catalog/product/cache/183e1672aae0fbc68f03bfd4fd2e0cd0/u/n/untitled-19_0_1.jpg,0
138,Black Diamond Sierra Shorts - Women's,https://bananafingers.co.uk/media/catalog/product/cache/183e1672aae0fbc68f03bfd4fd2e0cd0/7/5/750133_0002_w_sierra_shorts_black_of_1__2.png,0
139,Sea to Summit Ether Light XT Insulated Mat Women,https://bananafingers.co.uk/media/catalog/product/cache/183e1672aae0fbc68f03bfd4fd2e0cd0/e/t/ether_lt_insulated_women_1.png,0
140,Metolius Bravo Locker Carabiner,https://bananafingers.co.uk/media/catalog/product/cache/183e1672aae0fbc68f03bfd4fd2e0cd0/m/e/metolius-bravo-locker-carabiner-blue-1.jpg,1
141,Picture Women's Melra Jacket,https://bananafingers.co.uk/media/catalog/product/cache/183e1672aae0fbc68f03bfd4fd2e0cd0/w/v/wvt298_a_f.png,0
142,MetoliusTherapy Band (Strong),https://i1.adis.ws/i/jpl/go_327444_a?w=364&h=364,0
143,Evolv Shaman Lace LV,https://bananafingers.co.uk/media/catalog/product/cache/183e1672aae0fbc68f03bfd4fd2e0cd0/j/p/jpp1cbms_2.jpeg,1
144,Picture Men's Lenu Stretch Shorts,https://bananafingers.co.uk/media/catalog/product/cache/183e1672aae0fbc68f03bfd4fd2e0cd0/l/e/lenu_1.png,0
145,Outdoor Research Advocate Tee,https://bananafingers.co.uk/media/catalog/product/cache/183e1672aae0fbc68f03bfd4fd2e0cd0/2/8/2800422413_1.png,0
146,Edelweiss Oxygen II Unicore 8.2mm,https://rockrun.com/cdn/shop/products/edelweiss-oxygen-ii-8.2_1600x.jpg?v=1656333018,1
147,Black Diamond Access Down Hoody - Women's,https://bananafingers.co.uk/media/catalog/product/cache/183e1672aae0fbc68f03bfd4fd2e0cd0/7/4/746081_0002_w_access_down_hoody_black_04_.png,0
148,PranaMen's Mojo Climbing Shorts,https://i1.adis.ws/i/jpl/go_641374_a?w=364&h=364,0
149,Moon Crew Neck Sweat - Men's,https://rockrun.com/cdn/shop/products/Moon-Crew-Neck-Mens-Heather_1600x.png?v=1674662462,0
150,Looking For Wild Kyzyl Asker Jacket,https://bananafingers.co.uk/media/catalog/product/cache/183e1672aae0fbc68f03bfd4fd2e0cd0/q/b/qbtnyxzstlomzupu7qwb-d1e39c9bda5c80ac3d8ea9d658163967_3_2.jpeg,0
151,BorealDiabola Women's Climbing Shoe,https://i1.adis.ws/i/jpl/go_323130_a?w=364&h=364,1
152,La Sportiva Women's Pattern T-Shirt,https://bananafingers.co.uk/media/catalog/product/cache/183e1672aae0fbc68f03bfd4fd2e0cd0/i/3/i36_402402_2.jpg,0
153,Rhino Skin Solutions Massage Cream 1.7oz,https://www.climbers-shop.com/images/products/m/ma/massage.jpg?width=480&height=480&format=webp&quality=70&scale=both,1
154,La Sportiva Testarossa,https://bananafingers.co.uk/media/catalog/product/cache/183e1672aae0fbc68f03bfd4fd2e0cd0/s/p/sp20u300999u36_la_sportiva_testarossa.jpg,1
155,Petzl ANGE S Finesse 10cm Quickdraw,https://rockrun.com/cdn/shop/products/Anges_09cecf7d-d9eb-4726-8031-4ec6120cb065_1600x.jpg?v=1560260474,1
156,Evolv Shaman Lace LV,https://rockrun.com/cdn/shop/products/evolv-shaman-lv-lace_1600x.png?v=1671191825,1
157,TrollWomen’s Back Logo T-Shirt,https://i1.adis.ws/i/jpl/go_675612_a?w=364&h=364,0
158,Climbing Technology Nut Key Tool,https://www.climbers-shop.com/images/products/n/nu/nut-tool.jpg?width=480&height=480&format=webp&quality=70&scale=both,1
159,ScarpaWomen’s Quantic Climbing Shoes,https://i1.adis.ws/i/jpl/go_563329_a?w=364&h=364,1
160,MetoliusTherapy Band (Extra Strong),https://i1.adis.ws/i/jpl/go_327443_a?w=364&h=364,0
161,UnparallelMen's NewTro Lace Climbing Shoe,https://i1.adis.ws/i/jpl/go_679139_a?w=364&h=364,1
162,Metolius Wood Grips Deluxe II,https://rockrun.com/cdn/shop/products/metolius_wood_grips_II_deluxe_fingerboard_1600x.jpg?v=1537362911,1
163,The North Face Men's Thermoball 50/50 Jacket,https://bananafingers.co.uk/media/catalog/product/cache/183e1672aae0fbc68f03bfd4fd2e0cd0/0/d/0d8eyzxr1ah5mtd6yraa-bbe6445ca28586ce6f293d9dabc1c579.png,0
164,PranaMen’s Pride Mountain T-Shirt,https://i1.adis.ws/i/jpl/go_604620_a?w=364&h=364,0
165,E9 Rondo Artrock Trousers - Men's,https://rockrun.com/cdn/shop/files/w24-utr009-rondo-artrock-front-steelblue_1600x.jpg?v=1730110625,0
166,Black Diamond Kids Mojo Chalk Bag in Burnt Sienna,https://www.climbers-shop.com/images/products/K/KM/k-mojo-sienna.jpg?width=480&height=480&format=webp&quality=70&scale=both,1
167,E9 Rondo Slim Pants - Men's,https://rockrun.com/cdn/shop/files/w20-utr008-man-rondo-slim-front-whale_1600x.jpg?v=1729691352,0
168,Boreal Sendai,https://bananafingers.co.uk/media/catalog/product/cache/183e1672aae0fbc68f03bfd4fd2e0cd0/3/4/34016_sendai-grey_900x600_0_0_2.jpg,0
169,Black Diamond Project Muscle Tank - Women's,https://rockrun.com/cdn/shop/files/4678fcfe1ec03a7e52b25f327495b04e2a739415__28884_1600x.jpg?v=1710861712,0
170,8BPlus Arja Backpack,https://bananafingers.co.uk/media/catalog/product/cache/183e1672aae0fbc68f03bfd4fd2e0cd0/8/b/8bplusarjabackpack.jpg,0
171,Unparallel Regulus LV,https://bananafingers.co.uk/media/catalog/product/cache/183e1672aae0fbc68f03bfd4fd2e0cd0/m/m/mmnaenq8tq2m2btbrdfa-52bd90a3be645143af3c4ad082803269.png,1
172,Edelweiss Spirit Unicore 8.8mm (80m Yellow),https://rockrun.com/cdn/shop/products/edelweiss-spirit-8.8-yellow_1600x.jpg?v=1697105200,1
173,Patagonia Powder Town Beanie,https://bananafingers.co.uk/media/catalog/product/cache/183e1672aae0fbc68f03bfd4fd2e0cd0/w/b/wbf24_29187_asbe.jpg,0
174,Black DiamondWomen’s Mountain Transparency Short Sleeve Tee,https://i1.adis.ws/i/jpl/go_673891_a?w=364&h=364,0
175,Black Diamond Mercury Mitt,https://bananafingers.co.uk/media/catalog/product/cache/183e1672aae0fbc68f03bfd4fd2e0cd0/8/0/801889_0002_mercury_mitts_black_01_1_1.png,0
176,Climbing Technology Snappy Screwgate Carabiner,https://www.climbers-shop.com/images/products/S/Sn/Snappy-SG.jpg?width=480&height=480&format=webp&quality=70&scale=both,1
177,Black Diamond Vision Down Parka,https://bananafingers.co.uk/media/catalog/product/cache/183e1672aae0fbc68f03bfd4fd2e0cd0/e/4/e46df5cda633c55ba1bf9bf7cee6f8b512c9cf4a__07731.1615559421.386.513_1.png,0
178,Climb XKinder Kids' Climbing Shoe,https://i1.adis.ws/i/jpl/go_307636_a?w=364&h=364,1
179,Black Diamond Mission 55,https://bananafingers.co.uk/media/catalog/product/cache/183e1672aae0fbc68f03bfd4fd2e0cd0/6/8/681243_4057_mission_55_pack_cobalt_01__2.png,0
180,Black Diamond Cirque Gaiter,https://bananafingers.co.uk/media/catalog/product/cache/183e1672aae0fbc68f03bfd4fd2e0cd0/7/0/701507_cirque_blk_web_1.jpg,0
181,Rab Wisp Tee - Women's,https://bananafingers.co.uk/media/catalog/product/cache/183e1672aae0fbc68f03bfd4fd2e0cd0/w/o/womens_wisp_tee_stormgreen_qbl_12_sr.jpg,0
182,Blue Ice Taka 22L,https://bananafingers.co.uk/media/catalog/product/cache/183e1672aae0fbc68f03bfd4fd2e0cd0/b/l/blue-ice-taka-backpack-22l-india-ink-1.jpg,0
183,Petzl Adjama Harness - Blue,https://www.climbers-shop.com/images/products/C/C0/C022BA-ADJAMA_HighRes_2048x.jpeg?width=480&height=480&format=webp&quality=70&scale=both,1
184,Moon S7 Stretch Top,https://bananafingers.co.uk/media/catalog/product/cache/183e1672aae0fbc68f03bfd4fd2e0cd0/m/e/mens-s7-stretch-top-green-fr-min_2.jpg,0
185,KAVU Canvas Spectator Bag,https://bananafingers.co.uk/media/catalog/product/cache/183e1672aae0fbc68f03bfd4fd2e0cd0/9/2/9204_pineapplepirouette_l4_2x3_932e6b5a-615d-411b-a3ee-3efbf011b5a3_1000x1500_1.png,0
186,Scarpa Maestro Womens,https://bananafingers.co.uk/media/catalog/product/cache/183e1672aae0fbc68f03bfd4fd2e0cd0/s/c/scarpa_0020_70097-002-1_mae-eco-w_grb_maestro_eco_wmn_green_blue_2.jpg,1
187,Black Diamond Flat Bill Trucker Cap,https://bananafingers.co.uk/media/catalog/product/cache/183e1672aae0fbc68f03bfd4fd2e0cd0/a/q/aq3p_9112_flat_bill_trucker_hat_carbon_sulphur_01_.png,0
188,Edelweiss Curve Unicore 9.8mm,https://rockrun.com/cdn/shop/products/edelweiss-curve-9.8_1600x.jpg?v=1697105177,1
189,Sea to Summit Ether Light XT Insulated Mat (Small),https://rockrun.com/cdn/shop/products/Sea_to_Summit_AMELXTINSR_EtherLightXTInsulatedMat_Regular_01_75b2e4a7-0f9c-46e3-b2d2-63678e641b1b_1600x.jpg?v=1597848270,0
190,DMM PerfectO Locksafe in Titanium,https://www.climbers-shop.com/images/A597-PerfectO-locksafe copy.jpg?width=480&height=480&format=webp&quality=70&scale=both,1
191,Patagonia Men's Lightweight Synchilla Snap-T Fleece Pullover - Last Season's,https://bananafingers.co.uk/media/catalog/product/cache/183e1672aae0fbc68f03bfd4fd2e0cd0/w/b/wbf23_25551_obpl_1.jpg,0
192,Black Diamond Session Tights,https://bananafingers.co.uk/media/catalog/product/cache/183e1672aae0fbc68f03bfd4fd2e0cd0/4/e/4e072507fae5746e7b8800d04e81aa4e484dcddf__15490.jpg,0
193,La Sportiva Katana Lace - Last Season's,https://bananafingers.co.uk/media/catalog/product/cache/183e1672aae0fbc68f03bfd4fd2e0cd0/l/a/la_sportiva_katana_lace_4.jpg,1
194,PrAna Organic Graphic Long Sleeve - Women's,https://bananafingers.co.uk/media/catalog/product/cache/183e1672aae0fbc68f03bfd4fd2e0cd0/1/9/1962491_nauticalhighspirits_alt_9.webp_.png,0
195,PrAna Heritage Graphic Tee - Last Season's,https://bananafingers.co.uk/media/catalog/product/cache/183e1672aae0fbc68f03bfd4fd2e0cd0/1/9/1972551_richearthsplat_alt_9_1.png,0
196,CampArmour Pro Helmet,https://i1.adis.ws/i/jpl/go_381041_a?w=364&h=364,1
197,Petzl Luna Womens Harness (2024),https://rockrun.com/cdn/shop/products/Screenshot2021-01-28at10.45.16_1600x.jpg?v=1611830814,1
198,Black Diamond Session Suede - Women's,https://bananafingers.co.uk/media/catalog/product/cache/183e1672aae0fbc68f03bfd4fd2e0cd0/1/6/16737_source_1686965366_webp_1.png,0
199,Camp G Hot Dry Gloves,https://bananafingers.co.uk/media/catalog/product/cache/183e1672aae0fbc68f03bfd4fd2e0cd0/2/6/26axpsdestkvaqdjdlos-d95d1855493a1eada43198062b58ed32.jpeg,0
200,Patagonia Women's Dual Aspect Bibs,https://bananafingers.co.uk/media/catalog/product/cache/183e1672aae0fbc68f03bfd4fd2e0cd0/g/s/gsmf21_85295_smdb_2.jpg,0
201,La Sportiva Patcha Leggings - Last Season's,https://bananafingers.co.uk/media/catalog/product/cache/183e1672aae0fbc68f03bfd4fd2e0cd0/o/7/o77_726727_patchaleggingsw_alpineceladon_4_1_3.jpg,0
202,Metolius Campus Blocks,https://rockrun.com/cdn/shop/products/Campus-Blocks-bs_1600x.jpg?v=1672927357,1
203,Climbing Technology Alpine Up,https://bananafingers.co.uk/media/catalog/product/cache/183e1672aae0fbc68f03bfd4fd2e0cd0/a/l/alpine_up-2k651bzzsyd_1.png,1
204,Patagonia Women's Hampi Rock Pants,https://bananafingers.co.uk/media/catalog/product/cache/183e1672aae0fbc68f03bfd4fd2e0cd0/w/b/wbs24_82956_cwhe_1.jpg,0
205,3rd Rock Women's Mary Shorts,https://bananafingers.co.uk/media/catalog/product/cache/183e1672aae0fbc68f03bfd4fd2e0cd0/3/r/3rd-rock-mary-yaara-front-ghost_2.jpg,0
206,Boreal Sendai - Women's,https://bananafingers.co.uk/media/catalog/product/cache/183e1672aae0fbc68f03bfd4fd2e0cd0/3/4/34017_sendai-ws_900x600_0_0_1.jpg,0
207,Moon Camo Climber Vest,https://bananafingers.co.uk/media/catalog/product/cache/183e1672aae0fbc68f03bfd4fd2e0cd0/1/5/15-238-093-3_desert_camo_01.jpeg,0
208,Crux Taco File,https://bananafingers.co.uk/media/catalog/product/cache/183e1672aae0fbc68f03bfd4fd2e0cd0/0/1/0176098_crux-climb-taco-skin-file_1.png,1
209,Blue Ice Blackbird,https://rockrun.com/cdn/shop/products/blackbird-protectors-print_1600x.jpg?v=1629886467,0
210,Andalucia Sport Climbing,https://rockrun.com/cdn/shop/products/pb-gu-anda_1_zoom__05105_1600x.jpg?v=1520517768,1
211,Boreal Mutant,https://bananafingers.co.uk/media/catalog/product/cache/183e1672aae0fbc68f03bfd4fd2e0cd0/1/1/11936_mutant_1.jpg,1
212,KAVU Hands Free Pouch,https://bananafingers.co.uk/media/catalog/product/cache/183e1672aae0fbc68f03bfd4fd2e0cd0/9/1/9149_black_l1_2x3_f2c81989-f7f8-47fe-aa5b-b18e4242c7be_1000x1500_1.png,0
213,Evolv Elektra,https://bananafingers.co.uk/media/catalog/product/cache/183e1672aae0fbc68f03bfd4fd2e0cd0/e/v/evolv_elektra_main_view_2.jpg,1
214,Wild Country Superlight Offset Rocks Set 5-10,https://rockrun.com/cdn/shop/products/superlight_offset_1600x.jpg?v=1539350613,1
215,Red Chili Sensor,https://bananafingers.co.uk/media/catalog/product/cache/183e1672aae0fbc68f03bfd4fd2e0cd0/3/5/35720_404a_0_2.png,1
216,Camp G Comp Evo - Gloves,https://bananafingers.co.uk/media/catalog/product/cache/183e1672aae0fbc68f03bfd4fd2e0cd0/m/h/mhic63g2rzo4mz5qh09s-ec99dd0bbd9458bc47d4b550b55aa1b2_1.jpeg,0
217,Beal Ghost,https://bananafingers.co.uk/media/catalog/product/cache/183e1672aae0fbc68f03bfd4fd2e0cd0/h/a/harnais-ghost_2.png,1
218,Wild Country Wildwire Alpine Quickdraw 60cm,https://rockrun.com/cdn/shop/products/00c0ad8f-d491-4fe5-8fb4-09e2b74a4940_wildcountry_1600x.jpg?v=1616500135,1
219,E9 Neon 2.2 Hoody - Men's,https://rockrun.com/cdn/shop/files/w22-ufl003-neon2.2-front-steelblue_1600x.jpg?v=1730122914,0
220,Unparallel Sirius,https://bananafingers.co.uk/media/catalog/product/cache/183e1672aae0fbc68f03bfd4fd2e0cd0/2/8/2801880188_2.png,1
221,Moon Pluto Crash Pad,https://bananafingers.co.uk/media/catalog/product/cache/183e1672aae0fbc68f03bfd4fd2e0cd0/c/r/crash-pad-pluto-retro-red-01_1.jpg,1
222,E9 One Move T-Shirt - Men's,https://rockrun.com/cdn/shop/files/w24-ute003-onemove-front-paprika_1600x.png?v=1729522666,0
223,Patagonia Women's Maipo 7/8 Tights - Last Season's,https://bananafingers.co.uk/media/catalog/product/cache/183e1672aae0fbc68f03bfd4fd2e0cd0/w/b/wbf23_24845_obpl_1.jpg,0
224,Black Diamond Alpine Start Hoody - Last Season's,https://bananafingers.co.uk/media/catalog/product/cache/183e1672aae0fbc68f03bfd4fd2e0cd0/7/4/745023_0002_m_alpine_start_hoody_black_01_.jpg,0
225,Edelrid Absorber Sling,https://bananafingers.co.uk/media/catalog/product/cache/183e1672aae0fbc68f03bfd4fd2e0cd0/7/1/71540_017a.jpeg,1
226,Black Diamond Men's Chalked Up Tee,https://bananafingers.co.uk/media/catalog/product/cache/183e1672aae0fbc68f03bfd4fd2e0cd0/c/h/chalked_up_tee_black_1.jpg,0
227,DMMXSRE Wire Carabiner,https://i1.adis.ws/i/jpl/go_673121_a?w=364&h=364,1
228,Exped Ultra Pillow,https://rockrun.com/cdn/shop/products/exped-ultra-pillow-m-side_1600x.jpg?v=1684508109,0
229,Black Diamond Distance Carbon FLZ Poles (2024),https://rockrun.com/cdn/shop/files/image409465224_1600x.jpg?v=1708705391,0
230,Blue Ice Choucas Pro Harness (2024),https://rockrun.com/cdn/shop/products/choucas-pro_1600x.jpg?v=1571407966,1
231,Black Diamond Oval Keylock Screwgate,https://bananafingers.co.uk/media/catalog/product/cache/183e1672aae0fbc68f03bfd4fd2e0cd0/o/v/oval_screwgate_polished.jpg,1
232,Wild Country Stamina T-Shirt - Last Season's,https://bananafingers.co.uk/media/catalog/product/cache/183e1672aae0fbc68f03bfd4fd2e0cd0/0/d/0dac04a9-2e98-4411-8708-a7e6b18b0eca_wildcountry_2_1.jpg,0
233,Edelrid Corporate T-Shirt,https://bananafingers.co.uk/media/catalog/product/cache/183e1672aae0fbc68f03bfd4fd2e0cd0/e/d/edelrid_corporate_tshirt_anthracite.jpg,0
234,Tendon Master Pro 7.6mm,https://bananafingers.co.uk/media/catalog/product/cache/183e1672aae0fbc68f03bfd4fd2e0cd0/1/6/16378469852small-1-.png,1
235,Sea to Summit Ultralight Self Inflating Mat,https://bananafingers.co.uk/media/catalog/product/cache/183e1672aae0fbc68f03bfd4fd2e0cd0/u/l/ultralight_self_1_1.png,0
236,La Sportiva Katana Women's - Last Season's,https://bananafingers.co.uk/media/catalog/product/cache/183e1672aae0fbc68f03bfd4fd2e0cd0/l/a/la_sportiva_katana_white_purple_1_2_1.jpg,1
237,Black Diamond Gym Chalk Bag in Octane Fade,https://www.climbers-shop.com/images/products/O/Oc/octane-fade.jpg?width=480&height=480&format=webp&quality=70&scale=both,1
238,Rab Ascendor Light Pants - Last Season's,https://bananafingers.co.uk/media/catalog/product/cache/183e1672aae0fbc68f03bfd4fd2e0cd0/q/f/qfu-72_pic_bst.jpg,0
239,Moon Deadhanging Rungs,https://bananafingers.co.uk/media/catalog/product/cache/183e1672aae0fbc68f03bfd4fd2e0cd0/m/o/moon_deadhanging_rungs_18mm_2.jpg,1
240,PranaMen’s Mojave Pant,https://i1.adis.ws/i/jpl/go_707105_a?w=364&h=364,0
241,Outdoor Research Essential Tank - Women's,https://bananafingers.co.uk/media/catalog/product/cache/183e1672aae0fbc68f03bfd4fd2e0cd0/3/0/3003282408e1_1.png,0
242,Climbing Technology BE UP Belay,https://www.climbers-shop.com/images/products/b/be/be-up.jpg?width=480&height=480&format=webp&quality=70&scale=both,1
243,Rock Empire Twin Belay Device,https://rockrun.com/cdn/shop/files/1574-1_belay-device-twin-aqua_1600x.webp?v=1742377105,1
244,The North Face Men's Summit Breithorn 50/50 Down Jacket,https://bananafingers.co.uk/media/catalog/product/cache/183e1672aae0fbc68f03bfd4fd2e0cd0/t/h/the-north-face-mens-summit-breithorn-50-50-hoodie-tnf-black-1-1329929_1.jpg,0
245,Metolius Ultimate Daisy Chain,https://rockrun.com/cdn/shop/files/Ultimate-Daisy---purple-8_1600x.jpg?v=1742393835,1
246,The North Face Women's Summit Torre Egger Futurelight™ Jacket,https://bananafingers.co.uk/media/catalog/product/cache/183e1672aae0fbc68f03bfd4fd2e0cd0/7/u/7uu5_6s0_hero_1.jpg,0
247,Rab Men's Zanskar GTX Jacket,https://bananafingers.co.uk/media/catalog/product/cache/183e1672aae0fbc68f03bfd4fd2e0cd0/z/a/zanskar_gtx_jacket_footprint_graphene_qwh_28_fgp_1.jpg,0
248,Black Diamond Talus Tank - Women's (Size XL),https://rockrun.com/cdn/shop/products/752091_4014_WTALUSTANK_INKBLUE_01_1600x.jpg?v=1677582331,0
249,EdelridPure Straight III Carabiner,https://i1.adis.ws/i/jpl/go_681720_a?w=364&h=364,1
250,Sea to Summit Airlite Towel,https://bananafingers.co.uk/media/catalog/product/cache/183e1672aae0fbc68f03bfd4fd2e0cd0/s/e/sea_to_summit_airlitetowel_sage_small_02_0_2.jpg,0
251,Sea to Summit Ether Light XT Insulated Mat,https://bananafingers.co.uk/media/catalog/product/cache/183e1672aae0fbc68f03bfd4fd2e0cd0/e/s/ester_lt_insulated_medium_1.png,0
252,Black Diamond Treeline Rain Shell - Men's,https://bananafingers.co.uk/media/catalog/product/cache/183e1672aae0fbc68f03bfd4fd2e0cd0/d/a/daffe87a63ec026f09707fccbbe282cc55596c4e_71337.jpg,0
253,Blue Ice Koala Rope bag,https://bananafingers.co.uk/media/catalog/product/cache/183e1672aae0fbc68f03bfd4fd2e0cd0/b/l/blue-ice-koala-rope-bag-black.jpg,0
254,Picture Women's Oblik Tech Tank,https://bananafingers.co.uk/media/catalog/product/cache/183e1672aae0fbc68f03bfd4fd2e0cd0/w/t/wts419_c_f.png,0
255,Patagonia Refugio Day Pack 30L,https://bananafingers.co.uk/media/catalog/product/cache/183e1672aae0fbc68f03bfd4fd2e0cd0/w/b/wbs24_47928_blk.jpg,0
256,E9 W Hit BB Pants - Women's,https://rockrun.com/cdn/shop/files/w23-dtr001-w-hit-bb-front-steelblue_1600x.jpg?v=1729681543,0
257,Unparallel Leopard II,https://bananafingers.co.uk/media/catalog/product/cache/183e1672aae0fbc68f03bfd4fd2e0cd0/2/8/2859017109-1080x1080_2.jpg,1
258,Evolv Defy Lace - Last Season's,https://bananafingers.co.uk/media/catalog/product/cache/183e1672aae0fbc68f03bfd4fd2e0cd0/d/e/defylace_1_4.jpg,1
259,Black Diamond Shadow,https://bananafingers.co.uk/media/catalog/product/cache/183e1672aae0fbc68f03bfd4fd2e0cd0/u/n/untitled-2_12_2.jpg,1
260,Scarpa Vapour V (2024),https://rockrun.com/cdn/shop/products/scarpa-vaporv-v-mens-yellow_1600x.png?v=1671189496,1
261,Evolv Cruzer Psyche,https://bananafingers.co.uk/media/catalog/product/cache/183e1672aae0fbc68f03bfd4fd2e0cd0/7/9/79ed44e3-9767-4202-80ad-84a8f80e7b11_evolv_2.jpg,0
262,Scott Supertrac RC 2 - Women's,https://bananafingers.co.uk/media/catalog/product/cache/183e1672aae0fbc68f03bfd4fd2e0cd0/s/c/screenshot_2022-06-29_at_08-58-52_scott_supertrac_rc_2_womens_shoe.png,0
263,FrictionLabs Chalk 6oz (3-Pack),https://rockrun.com/cdn/shop/files/8_5d562bd9-5349-4f6a-be27-9896726e890e_1600x.jpg?v=1709829271,1
264,Evolv Zenist Women's,https://bananafingers.co.uk/media/catalog/product/cache/183e1672aae0fbc68f03bfd4fd2e0cd0/z/e/zenistw_1_2.jpg,1
265,E9 Tin T-Shirt - Women's,https://rockrun.com/cdn/shop/files/w24-dte003-tin-front-plumbago_1600x.png?v=1729594565,0
266,Black Diamond Camalot Ultralight 0.75 Cam in Green,https://www.climbers-shop.com/images/outdoor-blackdiamond-u-camelotultralight0_75cam_green.png?width=480&height=480&format=webp&quality=70&scale=both,1
267,Beal Be Free Rubber - 6 Pack,https://bananafingers.co.uk/media/catalog/product/cache/183e1672aae0fbc68f03bfd4fd2e0cd0/p/a/pack_be_free_6-configurable-beal-beal00140_jpg_1_.jpg,1
268,Patagonia Straight Fit Jeans - Regular,https://bananafingers.co.uk/media/catalog/product/cache/183e1672aae0fbc68f03bfd4fd2e0cd0/w/b/wbf21_21625_orsd_2.jpg,0
269,Black Diamond Dynex Daisy Chain,https://bananafingers.co.uk/media/catalog/product/cache/183e1672aae0fbc68f03bfd4fd2e0cd0/1/1/115_0_1.jpg,1
270,Black Diamond Notion Shorts - Men's,https://rockrun.com/cdn/shop/files/5d503c347450b447c24b9dd84b47d8ef4aa8d036__95041_1600x.jpg?v=1724075853,0
271,ScarpaWomen's Charmoz Mountain Boot,https://i1.adis.ws/i/jpl/go_320012_a?w=364&h=364,0
272,GSI Microlite 1000 Twist,https://rockrun.com/cdn/shop/files/gsi-microlite-1000-blue-67052_0_i-s24_1600x.jpg?v=1725014202,0
273,The North Face Simple Dome Crew,https://bananafingers.co.uk/media/catalog/product/cache/183e1672aae0fbc68f03bfd4fd2e0cd0/8/9/89fb_jk3_hero.jpg,0
274,Black Diamond Treeline Rain Shell - Women's,https://bananafingers.co.uk/media/catalog/product/cache/183e1672aae0fbc68f03bfd4fd2e0cd0/7/4/745009_0002_w_treeline_rain_shell_black_of_1_.png,0
275,Grivel Haul Pack 25L,https://bananafingers.co.uk/media/catalog/product/cache/183e1672aae0fbc68f03bfd4fd2e0cd0/g/r/grivel_haul_pack_25l_1.jpeg,0
276,Moon Crew Neck Sweat - Men,https://rockrun.com/cdn/shop/files/15-223-185-3_crew_neck_sweat_eco_orange_01_2_1600x.jpg?v=1741966335,0
277,EB Electron,https://rockrun.com/cdn/shop/products/EBElectronClimbingShoesSideView_1600x.jpg?v=1640252498,1
278,GrivelK10G Clepsydra Twingate Carabiner (Small),https://i1.adis.ws/i/jpl/go_562534_a?w=364&h=364,1
279,Climbing Technology Tuner-Y,https://www.climbers-shop.com/images/products/t/tu/tuner_y_7l931_compact.webp?width=480&height=480&format=webp&quality=70&scale=both,1
280,CampCorner Piton (11cm),https://i1.adis.ws/i/jpl/go_302645_a?w=364&h=364,1
281,Climbing TechnologyMen's Ascent Harness Pack,https://i1.adis.ws/i/jpl/go_675599_a?w=364&h=364,1
282,GrivelNorth Machine Ice Axe,https://i1.adis.ws/i/jpl/go_366479_a?w=364&h=364,0
283,Black Diamond Distance Carbon Z (2024),https://rockrun.com/cdn/shop/products/black-diamond-distance-carbon-z-poles_1600x.webp?v=1665742962,0
284,Evolv Elektra Womens,https://rockrun.com/cdn/shop/products/MERGRA_1600x.jpg?v=1589461852,1
285,Rab Zanskar GTX Jacket - Women's,https://bananafingers.co.uk/media/catalog/product/cache/183e1672aae0fbc68f03bfd4fd2e0cd0/w/o/womens_zanskar_gtx_jacket_eucalyptus_greenslate_qwh_29_egs_1.jpg,0
286,DMMGrippy Grip Tape,https://i1.adis.ws/i/jpl/go_526822_a?w=364&h=364,1
287,Evolv Phantom,https://bananafingers.co.uk/media/catalog/product/cache/183e1672aae0fbc68f03bfd4fd2e0cd0/p/h/phantom_1_2.jpg,1
288,Black Diamond Street Creek 20 - Last Season's,https://bananafingers.co.uk/media/catalog/product/cache/183e1672aae0fbc68f03bfd4fd2e0cd0/6/7/67dabb3486773e7e5c362a3fc8a578aab9deeccc_34734.1615575635.386.513_2.jpg,0
289,Grivel Ascender Descender A&D,https://bananafingers.co.uk/media/catalog/product/cache/183e1672aae0fbc68f03bfd4fd2e0cd0/c/l/climbing_devices_aed_right_1400x.png,1
290,PrAna Halle Jogger II - Last Seasons,https://bananafingers.co.uk/media/catalog/product/cache/183e1672aae0fbc68f03bfd4fd2e0cd0/1/9/197105120front20camo_2.jpg,0
291,The North Face Women's Midline Bra,https://bananafingers.co.uk/media/catalog/product/cache/183e1672aae0fbc68f03bfd4fd2e0cd0/n/f/nf0a7qa7_jk3_altfront.webp_.png,0
292,DMM XSRE Black 3-Pack,https://rockrun.com/cdn/shop/files/xsre-black-3_1600x.png?v=1737459955,1
293,Grivel Mutant Helmet - Yellow,https://www.climbers-shop.com/images/products/2/20/2022mutanthelmetfront_1417x945.jpg?width=480&height=480&format=webp&quality=70&scale=both,1
294,Moon Train Hard Badge T-Shirt - Men,https://rockrun.com/cdn/shop/files/15-213-188-3_train_hard_badge_t_shirt_ink_blue_front_1_1600x.jpg?v=1741965819,0
295,EVOLVElektra Climbing Shoes,https://i1.adis.ws/i/jpl/go_365132_a?w=364&h=364,1
296,Black Diamond Trail Ergo Cork Womens,https://rockrun.com/cdn/shop/products/tergow_1600x.jpg?v=1571657772,0
297,Moon S7 Zipped Hoody,https://bananafingers.co.uk/media/catalog/product/cache/183e1672aae0fbc68f03bfd4fd2e0cd0/s/7/s7-hoody-grey-front_1.png,0
298,Black Diamond Notion SL Shorts - Women's,https://bananafingers.co.uk/media/catalog/product/cache/183e1672aae0fbc68f03bfd4fd2e0cd0/7/5/750068_4014_w_notion_sl_shorts_ink_blue_01__0_2.png,0
299,Rab Syncrino Light Pull-On - Women's,https://bananafingers.co.uk/media/catalog/product/cache/183e1672aae0fbc68f03bfd4fd2e0cd0/w/o/womens_syncrino_light_pull_on_beringsea_qff_20_bes_1_1.jpg,0
300,Black DiamondWomen’s Session Tights,https://i1.adis.ws/i/jpl/go_535182_a?w=364&h=364,0
301,Singing Rock Rocket,https://bananafingers.co.uk/media/catalog/product/cache/183e1672aae0fbc68f03bfd4fd2e0cd0/c/5/c5076vx_2.jpg,1
302,E9 Rina T-Shirt,https://bananafingers.co.uk/media/catalog/product/cache/183e1672aae0fbc68f03bfd4fd2e0cd0/m/a/main_large_2_1_3.jpg,0
303,E9 Pu Hoody - Women's,https://rockrun.com/cdn/shop/files/w24-dfl003-pu-front-greenlake_1600x.png?v=1730116583,0
304,Black Diamond Men's Crag Denim Pants,https://bananafingers.co.uk/media/catalog/product/cache/183e1672aae0fbc68f03bfd4fd2e0cd0/7/5/750002_4038_m_crag_denim_pants_rinse_07__0_2.png,0
305,Wild Country Zero Friend,https://bananafingers.co.uk/media/catalog/product/cache/183e1672aae0fbc68f03bfd4fd2e0cd0/4/0/40-0000003000_0999_red.jpg,1
306,NikwaxSandal Wash (125ml),https://i1.adis.ws/i/jpl/go_100662_a?w=364&h=364,0
307,Black Diamond Women's Rise and Climb Tee - Last Season's,https://bananafingers.co.uk/media/catalog/product/cache/183e1672aae0fbc68f03bfd4fd2e0cd0/r/7/r7ps_5003_w_ss_rise_and_climb_tee_mulberry_03_.png,0
308,KAVU Yorktown Wallet,https://bananafingers.co.uk/media/catalog/product/cache/183e1672aae0fbc68f03bfd4fd2e0cd0/9/4/9412_desertdusk_l4_2x3_adc8e956-757e-477a-82dd-17ec351f1af8_1000x1500_1.png,0
309,La Sportiva Gripit,https://bananafingers.co.uk/media/catalog/product/cache/183e1672aae0fbc68f03bfd4fd2e0cd0/l/a/la_sportiva_gripit_0_2.jpg,1
310,Tendon Lowe - 8.4mm Standard,https://bananafingers.co.uk/media/catalog/product/cache/183e1672aae0fbc68f03bfd4fd2e0cd0/d/0/d084tw41.jpg,1
311,Sea to Summit Foam Core Pillow,https://bananafingers.co.uk/media/catalog/product/cache/183e1672aae0fbc68f03bfd4fd2e0cd0/s/e/sea_to_summit_apilfoam_foamcorepillow_usp_02_foamoffcutfilling_2.jpg,0
312,Black Diamond Cirque Gaiter,https://rockrun.com/cdn/shop/products/cirque-gaiter__07242_1_1600x.jpg?v=1506873061,0
313,Scarpa Veloce Women's,https://bananafingers.co.uk/media/catalog/product/cache/183e1672aae0fbc68f03bfd4fd2e0cd0/s/c/scarpa_0021_70065-002-1_vel-w_gra-mal_veloce_wmn_light_gray_-_maldive_2_jpg.png,1
314,Edelrid Ace Harness,https://rockrun.com/cdn/shop/products/74911_499a_1600x.jpg?v=1617292517,1
315,The North Face Men’s Dryzzle FUTURELIGHT™ Jacket,https://bananafingers.co.uk/media/catalog/product/cache/183e1672aae0fbc68f03bfd4fd2e0cd0/i/n/index_1.png,0
316,Black Diamond Tag LT,https://bananafingers.co.uk/media/catalog/product/cache/183e1672aae0fbc68f03bfd4fd2e0cd0/5/8/580013_9306_tag_lt_approach_shoes_alloy_ultra_blue_2__2.png,0
317,Grivel A&D,https://rockrun.com/cdn/shop/products/grivel_a_and_d_left_hand_1600x.jpg?v=1571999601,1
318,Moon Sigma Tank Top - Women's,https://rockrun.com/cdn/shop/products/Moon-Womens-Sigma-Tank-Rose-front_1600x.png?v=1674480586,0
319,Boreal Big Wall,https://bananafingers.co.uk/media/catalog/product/cache/183e1672aae0fbc68f03bfd4fd2e0cd0/b/o/boreal_12182_bigwall_2.jpg,0
320,Black Diamond Technician Jogger Pants - Women's,https://rockrun.com/cdn/shop/files/WTECHNICIANJOGGERPANTS_Black_01_1600x.jpg?v=1713451193,0
321,Black Diamond Lightwire LS Tech Tee - Men's,https://rockrun.com/cdn/shop/products/753090_3040_MLIGHTWIRELSTECHTEE_CragGreen_01_1600x.jpg?v=1694522322,0
322,Tendon DynaProt 10 Classic,https://bananafingers.co.uk/media/catalog/product/cache/183e1672aae0fbc68f03bfd4fd2e0cd0/o/d/odsedka10classic.jpg,1
323,Black DiamondAlpine Bod Harness,https://i1.adis.ws/i/jpl/go_309458_a?w=364&h=364,1
324,Five-Ten Felsblock Tank - Women's,https://bananafingers.co.uk/media/catalog/product/cache/183e1672aae0fbc68f03bfd4fd2e0cd0/g/j/gj8457_app_photo_front-center_white_2.jpg,0
325,MammutAlpine Dry 8.0 Rope 50m,https://i1.adis.ws/i/jpl/go_600663_a?w=364&h=364,1
326,Black Diamond Camper Cap - Last Season's,https://bananafingers.co.uk/media/catalog/product/cache/183e1672aae0fbc68f03bfd4fd2e0cd0/6/a/6a559cd92b0974cfe4ad6bbf9186c8a012ee449f__75145_1.jpg,0
327,Black Diamond Big Gun,https://bananafingers.co.uk/media/catalog/product/cache/183e1672aae0fbc68f03bfd4fd2e0cd0/7/3/7354_source_1612062222_1.jpg,1
328,Edelrid Swift 48 Pro Dry 8.9mm x 50m,https://rockrun.com/cdn/shop/files/71316_242a_d7e062bd-db6c-4ff7-b7d0-e97556d8c900_1600x.jpg?v=1740047576,1
329,Evolv Geshido,https://bananafingers.co.uk/media/catalog/product/cache/183e1672aae0fbc68f03bfd4fd2e0cd0/g/e/geshidovelcromens_1_2.jpg,1
330,Black Diamond Oval Keylock Screwgate Carabiner - Polished,https://rockrun.com/cdn/shop/products/black-diamond-oval-keylock-screwgate-polished_1600x.webp?v=1665411745,1
331,Outdoor Research Womens Vantage 7/8 Leggings,https://rockrun.com/cdn/shop/files/3009422691A1_1600x.jpg?v=1713774514,0
332,Sea to Summit Aeros Premium Pillow,https://bananafingers.co.uk/media/catalog/product/cache/183e1672aae0fbc68f03bfd4fd2e0cd0/a/p/apilpremrnb_apilpremlnb_aerospremiumpillow_large_navyblue_01.jpg,0
333,La Sportiva Imprint T-Shirt - Women's,https://bananafingers.co.uk/media/catalog/product/cache/183e1672aae0fbc68f03bfd4fd2e0cd0/o/1/o19_621621_1_2.jpg,0
334,BorealWomen's Alpha Climbing Shoe,https://i1.adis.ws/i/jpl/go_323126_a?w=364&h=364,1
335,Scott Kinabalu 2 - Women's,https://bananafingers.co.uk/media/catalog/product/cache/183e1672aae0fbc68f03bfd4fd2e0cd0/s/c/screenshot_2022-06-29_at_08-39-04_scott_kinabalu_2_womens_shoe.png,0
336,Ocun Arista Top - Women's,https://bananafingers.co.uk/media/catalog/product/cache/183e1672aae0fbc68f03bfd4fd2e0cd0/7/p/7p1gayz25a.04573-arista-top-blue-sargasso-sea-1_1.jpg,0
337,E9 Pit Trousers - Men's,https://rockrun.com/cdn/shop/files/W24-UTR012-PIT-65_1800x1800_9cb4dc8c-ae89-42f2-9064-b939c675d688_1600x.jpg?v=1742477009,0
338,La Sportiva Theory - Last Season's,https://bananafingers.co.uk/media/catalog/product/cache/183e1672aae0fbc68f03bfd4fd2e0cd0/2/0/20w_999100_1jpg_2_1.jpg,1
339,ScarpaWomen's Velocity Climbing Shoe,https://i1.adis.ws/i/jpl/go_689394_a?w=364&h=364,1
340,Black Diamond Forged Denim Pants Women's - Last Season's,https://bananafingers.co.uk/media/catalog/product/cache/183e1672aae0fbc68f03bfd4fd2e0cd0/7/5/750021_0002_w_forged_denim_pants_black_02__2.png,0
341,Black Diamond Stone Gloves,https://bananafingers.co.uk/media/catalog/product/cache/183e1672aae0fbc68f03bfd4fd2e0cd0/8/0/801848_7004_stoneglove_natural_1.png,0
342,CampKnife Blade Rock Piton 90mm,https://i1.adis.ws/i/jpl/go_302646_a?w=364&h=364,1
343,Problemsolver Add On Rung,https://bananafingers.co.uk/media/catalog/product/cache/183e1672aae0fbc68f03bfd4fd2e0cd0/a/d/add_on_rung_2_1_2.jpg,1
344,Metolius Dynamic Daisy PAS,https://rockrun.com/cdn/shop/files/dynamic-pas-coil-bs_1600x.jpg?v=1742305480,1
345,BorealWomen’s Silex Climbing Shoes,https://i1.adis.ws/i/jpl/go_563713_a?w=364&h=364,1
346,Black Diamond Trucker Hat - Last Season's,https://bananafingers.co.uk/media/catalog/product/cache/183e1672aae0fbc68f03bfd4fd2e0cd0/1/2/124903621af07c8334e2ae6ffaa299a7aeb2fff9__85121.1704854418.386.513_1.png,0
347,Edelrid Work Glove Closed,https://bananafingers.co.uk/media/catalog/product/cache/183e1672aae0fbc68f03bfd4fd2e0cd0/7/2/72498_073a_1.png,0
348,Tendon Ambition - 10.2mm TeFIX Complete Shield,https://bananafingers.co.uk/media/catalog/product/cache/183e1672aae0fbc68f03bfd4fd2e0cd0/1/5/1554213934ambition-tefix-102-d102af42small.png,1
349,DMMXSRE Mini Carabiner,https://i1.adis.ws/i/jpl/go_526830_a?w=364&h=364,1
350,DMMDeadman Snow Anchor,https://i1.adis.ws/i/jpl/go_151721_a?w=364&h=364,0
351,Scarpa Vapour V Womens (2024),https://rockrun.com/cdn/shop/products/scarpa-vapour-v-womens-bluepink_1600x.png?v=1671189954,1
352,Blue Ice Cuesta Womens Harness Package,https://rockrun.com/cdn/shop/files/cuestaharnesspackage_0b43a2d7-fc16-415a-b6c3-77388b28ae2e_1600x.png?v=1737456941,1
353,La Sportiva Katana - Last Season's,https://bananafingers.co.uk/media/catalog/product/cache/183e1672aae0fbc68f03bfd4fd2e0cd0/l/a/la_sportiva_katana_2_2_1.jpg,1
354,The North Face Women’s Movmynt Tight,https://bananafingers.co.uk/media/catalog/product/cache/183e1672aae0fbc68f03bfd4fd2e0cd0/d/o/download_2.png,0
355,SCOTT Endurance Women's Bra,https://bananafingers.co.uk/media/catalog/product/cache/183e1672aae0fbc68f03bfd4fd2e0cd0/4/0/4032520001_4.jpg,0
356,Climbing Technology Quick UP Handled Ascender,https://www.climbers-shop.com/images/products/q/qu/quick-up-og.jpg?width=480&height=480&format=webp&quality=70&scale=both,1
357,Black DiamondPom Beanie,https://i1.adis.ws/i/jpl/go_673887_a?w=364&h=364,0
358,Black Diamond Nut Tool,https://www.climbers-shop.com/images/products/n/nu/nuttool.jpeg?width=480&height=480&format=webp&quality=70&scale=both,1
359,Five-Ten Aleon,https://bananafingers.co.uk/media/catalog/product/cache/183e1672aae0fbc68f03bfd4fd2e0cd0/b/c/bc0861_sl_b2ccat_2.jpg,1
360,Scarpa Veloce,https://bananafingers.co.uk/media/catalog/product/cache/183e1672aae0fbc68f03bfd4fd2e0cd0/s/c/scarpa_0028_70065-001-1_vel_blk-yel_veloce_black_-_yellow_2.png,1
361,C.A.M.P. Dyon Express KS,https://bananafingers.co.uk/media/catalog/product/cache/183e1672aae0fbc68f03bfd4fd2e0cd0/c/a/camp-dyon-express-ks-quickdraw.jpg,1
362,Sea to Summit Ether Light XT Air Mat (Regular),https://rockrun.com/cdn/shop/products/936_UnisexEtherLightXT_Regular_ForWeb_2048x.progressive_808745ec-870a-47c4-952a-e6c58df67aed_1600x.jpg?v=1573471434,0
363,Moon Sigma Leggings - Women's,https://rockrun.com/cdn/shop/products/Moon-Womens-Sigma-Rose_1600x.png?v=1674216727,0
364,Outdoor Research Men's Ferrosi Anorak,https://bananafingers.co.uk/media/catalog/product/cache/183e1672aae0fbc68f03bfd4fd2e0cd0/2/8/2876162365_1_1.png,0
365,Climbing Technology FIXIT,https://bananafingers.co.uk/media/catalog/product/cache/183e1672aae0fbc68f03bfd4fd2e0cd0/f/i/fixit.png,0
366,Scarpa Booster,https://bananafingers.co.uk/media/catalog/product/cache/183e1672aae0fbc68f03bfd4fd2e0cd0/b/o/booster_with_logo_0_4.jpg,1
367,Black Diamond Lightwire SS Tech Tee - Men's (Last Season),https://rockrun.com/cdn/shop/files/0b44723ecb1f411bfc07870f7afdff1f55eca7ee__72634_1600x.jpg?v=1723546606,0
368,ScarpaWomen’s Vapour S Climbing Shoes,https://i1.adis.ws/i/jpl/go_624154_a?w=364&h=364,1
369,Black DiamondRepo Chalk Bag,https://i1.adis.ws/i/jpl/go_676456_a?w=364&h=364,1
370,Silva Cross Trail 7XT,https://rockrun.com/cdn/shop/products/silva-cross-trail-7xt-with-battery_1600x.jpg?v=1633091936,1
371,Rab Down Hut Slipper,https://bananafingers.co.uk/media/catalog/product/cache/183e1672aae0fbc68f03bfd4fd2e0cd0/d/o/down_hut_slipper_darkbutternut_qaj_03_dbn_2.jpg,0
372,The North Face Chamlang Futurelight Jacket,https://bananafingers.co.uk/media/catalog/product/cache/183e1672aae0fbc68f03bfd4fd2e0cd0/i/m/image_8__1.png,0
373,Outdoor Research Zendo Pant - Women's (Last Season),https://rockrun.com/cdn/shop/files/2878032275A6_1600x.jpg?v=1684938769,0
374,Blue Ice Wadi 15L,https://rockrun.com/cdn/shop/files/Wadi15-NorthAtlantic-1front-web_1600x.jpg?v=1686819836,0
375,Climbing Technology Be Up,https://bananafingers.co.uk/media/catalog/product/cache/183e1672aae0fbc68f03bfd4fd2e0cd0/b/e/be-up-2d657a5yy-800x800_2.png,1
376,Climbing Technology Tuner-I,https://www.climbers-shop.com/images/products/c/cl/climbing-technology-tuner-i-descendant-with-rope.webp?width=480&height=480&format=webp&quality=70&scale=both,1
377,Black Diamond Crag Half-Finger Gloves,https://bananafingers.co.uk/media/catalog/product/cache/183e1672aae0fbc68f03bfd4fd2e0cd0/8/2/8253_source_1612068821_1.jpg,0
378,E9 Onda Short,https://bananafingers.co.uk/media/catalog/product/cache/183e1672aae0fbc68f03bfd4fd2e0cd0/e/9/e9-womens-onda-short-bouldering-trousers_2.jpg,0
379,EB Split (Singles) - Last Season's,https://bananafingers.co.uk/media/catalog/product/cache/183e1672aae0fbc68f03bfd4fd2e0cd0/s/p/split_gauche_1.jpg,1
380,EB Strange,https://bananafingers.co.uk/media/catalog/product/cache/183e1672aae0fbc68f03bfd4fd2e0cd0/e/b/eb-strange-climbing-shoes_jpg.jpg,1
381,Evolv Rebel - Women's,https://bananafingers.co.uk/media/catalog/product/cache/183e1672aae0fbc68f03bfd4fd2e0cd0/l/o/lok6yk8a_2.jpeg,0
382,Black Diamond Mountain Transparency T-Shirt,https://bananafingers.co.uk/media/catalog/product/cache/183e1672aae0fbc68f03bfd4fd2e0cd0/7/3/730061_5009_w_mountain_transparency_tee_eclipse_heather_04_.png,0
383,Wild Country Astro Quickdraw 10cm 6-Pack,https://rockrun.com/cdn/shop/files/a76fbc82-a3d9-4649-b04b-416e0d7c8b8e_1600x.jpg?v=1732705187,1
384,Storm Eco Proofer (Spray) 225ml,https://rockrun.com/cdn/shop/products/S51242-Storm_1600x.jpg?v=1626174705,0
385,Metolius Multi-Loop Gear Sling,https://rockrun.com/cdn/shop/products/metolius_multi_loop_gear_sling_1600x.jpg?v=1531745805,1
386,MammutAlpine Dry 8.0 Rope 50m,https://i1.adis.ws/i/jpl/go_600664_a?w=364&h=364,1
387,Edelrid HMPE 6mm Cord Sling Neon Green 60cm,https://www.climbers-shop.com/images/products/h/hm/hmpe60cm.jpg?width=480&height=480&format=webp&quality=70&scale=both,1
388,Boreal Flyers,https://bananafingers.co.uk/media/catalog/product/cache/183e1672aae0fbc68f03bfd4fd2e0cd0/3/0/3009079-001_pic1_boreal-men-s-flyers-shoe-graphite_boreal-men-s-flyers-shoe-graphite_9.jpg,0
389,Climbing Technology Axis HMS Screwgate,https://www.climbers-shop.com/images/products/a/ax/axis-sg.jpg?width=480&height=480&format=webp&quality=70&scale=both,1
390,EBWomen's Electron Climbing Shoe,https://i1.adis.ws/i/jpl/go_680223_a?w=364&h=364,1
391,Wild Country Astro Quickdraw Trad Pack,https://rockrun.com/cdn/shop/files/2_a82d6b6f-f3fd-4471-800e-3a59d418249d_1600x.png?v=1735036514,1
392,PranaMen’s Mountain Short Sleeve Tee,https://i1.adis.ws/i/jpl/go_641372_a?w=364&h=364,0
393,E9 Onda Slim 2 Pants - Women's,https://rockrun.com/cdn/shop/files/W20-DTR006-ONDASLIM2-93_1800x1800_035a6d85-4f2a-4dcf-aab6-57ea5e2ffe4e_1600x.jpg?v=1742476524,0
394,Rab Torque Vapour-Rise™ Pant - Women's,https://bananafingers.co.uk/media/catalog/product/cache/183e1672aae0fbc68f03bfd4fd2e0cd0/w/o/womens_torque_vr_pants_beluga_qvr_76_be_2.jpg,0
395,DMM Phantom HMS Screwgate in Green,https://www.climbers-shop.com/images/products/c/c6/c63_13678_a572gr-phantom-hms-screwgate-green.jpg?width=480&height=480&format=webp&quality=70&scale=both,1
396,Moore's Wall Bouldering (North Carolina),https://rockrun.com/cdn/shop/products/moores-wall_1600x.jpg?v=1577962127,1
397,PrAna Chakra Capri,https://bananafingers.co.uk/media/catalog/product/cache/183e1672aae0fbc68f03bfd4fd2e0cd0/c/h/chakra1_1.png,0
398,PranaMen’s Super Mojo II Shorts,https://i1.adis.ws/i/jpl/go_641373_a?w=364&h=364,0
399,KAVU Yukon Wallet,https://bananafingers.co.uk/media/catalog/product/cache/183e1672aae0fbc68f03bfd4fd2e0cd0/8/7/877_black_5e9a8b9e-042a-4640-8ec9-bb10645661a0_1.png,0
400,Black Diamond Soloist Gloves,https://bananafingers.co.uk/media/catalog/product/cache/183e1672aae0fbc68f03bfd4fd2e0cd0/b/l/black_diamond_soloist_gloves_1.png,0
401,Scarpa Mescalito TRK Planet GTX Womens,https://rockrun.com/cdn/shop/files/1_4baaf7e0-9700-4179-9b24-fb0f84c9f72e_1600x.jpg?v=1704895189,0
402,Patagonia Down Sweater - Women's - Last Season's,https://bananafingers.co.uk/media/catalog/product/cache/183e1672aae0fbc68f03bfd4fd2e0cd0/g/s/gsmf22_84684_ltpg_1_1.jpg,0
403,Black Diamond Camalot C4 Ultralight,https://bananafingers.co.uk/media/catalog/product/cache/183e1672aae0fbc68f03bfd4fd2e0cd0/b/d/bd_camalot_c4_ultralight_04.jpg,1
404,Petzl ANGE S Finesse 17cm Quickdraw,https://rockrun.com/cdn/shop/products/petzl-ange-finesse-s-s_1600x.jpg?v=1560250212,1
405,"MammutTubular Polyamide Webbing, 16mm (sold by the metre",https://i1.adis.ws/i/jpl/go_305259_a?w=364&h=364,1
406,E9 Pof Fleece - Men's,https://rockrun.com/cdn/shop/files/w23-ukn005-pof-front-beige_1600x.jpg?v=1730121688,0
407,Edelrid Riot Handrest,https://bananafingers.co.uk/media/catalog/product/cache/183e1672aae0fbc68f03bfd4fd2e0cd0/e/d/edelrid_riot_handrest_1.jpg,0
408,DMM Pinto Pulley,https://www.climbers-shop.com/images/products/d/dm/dmmpintopulley.jpg?width=480&height=480&format=webp&quality=70&scale=both,1
409,Rab Women's Stance Cinder Tee,https://bananafingers.co.uk/media/catalog/product/cache/183e1672aae0fbc68f03bfd4fd2e0cd0/w/o/womens_stance_cinder_tee_beluga_qcb_86_bel_1.jpg,0
410,Moon Lyra Vest - Women's,https://rockrun.com/cdn/shop/products/Moon-Womens-Lyra-Vest-Granite-Front_1600x.png?v=1674566438,0
411,Evolv Defy Lace,https://rockrun.com/cdn/shop/files/Evolv_Defy_Lace_1600x.jpg?v=1727783226,1
412,Rab Women's Maze Hoody,https://bananafingers.co.uk/media/catalog/product/cache/183e1672aae0fbc68f03bfd4fd2e0cd0/w/o/womens_maze_hoody_lilac_qcb_56_lil_1.jpg,0
413,Metolius Simulator 3D Hangboard,https://bananafingers.co.uk/media/catalog/product/cache/183e1672aae0fbc68f03bfd4fd2e0cd0/s/i/simulator-training-board.png,1
414,La Sportiva Fiona Tank,https://bananafingers.co.uk/media/catalog/product/cache/183e1672aae0fbc68f03bfd4fd2e0cd0/o/4/o41_403403_1.png,0
415,Sea to Summit Comfort Light Self Inflating Mat,https://bananafingers.co.uk/media/catalog/product/cache/183e1672aae0fbc68f03bfd4fd2e0cd0/c/o/comfort_light_self_regular_1.png,0
416,Black Diamond Chalked Up 2.0 Pullover Hoody - Men's,https://rockrun.com/cdn/shop/files/05a5b66caeffcf41b3b500bf2177650bc4bc7155__38301_1600x.jpg?v=1725881284,0
417,Black Diamond Fuel Approach Shoes - Men's,https://bananafingers.co.uk/media/catalog/product/cache/183e1672aae0fbc68f03bfd4fd2e0cd0/1/0/10656_source_1650695167.jpg,1
418,Sea to Summit Ether Light XT Extreme Mat,https://bananafingers.co.uk/media/catalog/product/cache/183e1672aae0fbc68f03bfd4fd2e0cd0/e/t/ether_light_xt_extreme_large.png,0
419,OcunBoulder Bag,https://i1.adis.ws/i/jpl/go_674092_a?w=364&h=364,1
420,La Sportiva Sensation Leggings,https://bananafingers.co.uk/media/catalog/product/cache/183e1672aae0fbc68f03bfd4fd2e0cd0/o/7/o78_999000_2.jpg,0
421,Black Diamond Focus,https://bananafingers.co.uk/media/catalog/product/cache/183e1672aae0fbc68f03bfd4fd2e0cd0/2/_/2_0_0_2.jpg,1
422,Edelweiss Performance 9.2mm Unicore,https://bananafingers.co.uk/media/catalog/product/cache/183e1672aae0fbc68f03bfd4fd2e0cd0/4/4/446907b.jpg,1
423,Black Diamond Women's Fineline Stretch Shell,https://bananafingers.co.uk/media/catalog/product/cache/183e1672aae0fbc68f03bfd4fd2e0cd0/1/9/1943b4e42835a42d4201215c57f4761b6b3b259f__70516.jpg,0
424,Mammut Sender Keylock 12cm,https://rockrun.com/cdn/shop/products/mammut-sender-keylock-12cm-ukca_1600x.webp?v=1655901685,1
425,Climbing Technology Concept HMS SG Blue,https://www.climbers-shop.com/images/products/C/CO/CONCEPT_SG-2C33800WNE-2.png?width=480&height=480&format=webp&quality=70&scale=both,1
426,Beal Gully 7.3mm Golden Dry UNICORE - Pair,https://bananafingers.co.uk/media/catalog/product/cache/183e1672aae0fbc68f03bfd4fd2e0cd0/g/u/gully-73mm-gd.jpg.png,1
427,Climbing Technology Ascent Harness in Aquamarine/Silver,https://www.climbers-shop.com/images/products/z/zm/zm_20230314-022711.jpg?width=480&height=480&format=webp&quality=70&scale=both,1
428,Black Diamond Alpine Start Hoody,https://bananafingers.co.uk/media/catalog/product/cache/183e1672aae0fbc68f03bfd4fd2e0cd0/0/b/0b4a4f6cd702f499d9b9611a64b46c7d23a0b43b__60359.jpg,0
429,Petzl Ange Finesse 17cm S+S Quickdraw ,https://www.climbers-shop.com/images/products/M/M0/M057AA01-ANGE-FINESSE-17-SS_LowRes.jpeg?width=480&height=480&format=webp&quality=70&scale=both,1
430,Climbing Technology Click Up Kit - Mustard Yellow,https://www.climbers-shop.com/images/products/i/im/image379617278.jpg?width=480&height=480&format=webp&quality=70&scale=both,1
431,E9 Blat 2 Trousers - Men's,https://rockrun.com/cdn/shop/files/E9-Mens-Blat-20-Pant-Rosemary_1200x1200_89ead580-3136-449d-a4fa-5e1f3d2c6d2d_1600x.webp?v=1742476858,0
432,PranaWomen’s Organic Hoodie,https://i1.adis.ws/i/jpl/go_641370_a?w=364&h=364,0
433,Climbing Technology cipE 120cm Sling in Yellow/White,https://www.climbers-shop.com/images/products/c/ci/cipE_L-0615-12-1024x1024.png?width=480&height=480&format=webp&quality=70&scale=both,1
434,Climbing Technology Aerial Pro B-HC,https://bananafingers.co.uk/media/catalog/product/cache/183e1672aae0fbc68f03bfd4fd2e0cd0/a/e/aerial_pro_b_hc-2c33200sya_1.png,1
435,La Sportiva TX Hike GTX,https://bananafingers.co.uk/media/catalog/product/cache/183e1672aae0fbc68f03bfd4fd2e0cd0/3/4/34q_623205_06.jpg,0
436,Deuter Freescape Pro 38+ SL,https://rockrun.com/cdn/shop/products/3300222-4423-Freescape_Pro_38_SL_shale-D-00_1600x.jpg?v=1643295804,0
437,Tendon Lowe - 8.4mm Complete Shield,https://bananafingers.co.uk/media/catalog/product/cache/183e1672aae0fbc68f03bfd4fd2e0cd0/1/5/1554378624lowe-84-d084tw42small.png,1
438,3rd Rock Women's Tide Bikini Bottoms,https://bananafingers.co.uk/media/catalog/product/cache/183e1672aae0fbc68f03bfd4fd2e0cd0/3/r/3rd-rock-equinox-foggy-tide-black-16-detail-2.webp_1.png,0
439,The North Face Men's Simple Dome Hoodie,https://bananafingers.co.uk/media/catalog/product/cache/183e1672aae0fbc68f03bfd4fd2e0cd0/8/9/89fc_1no_hero.jpg,0
440,Moon Sigma Bra Top,https://bananafingers.co.uk/media/catalog/product/cache/183e1672aae0fbc68f03bfd4fd2e0cd0/d/s/dsc00031_2.jpeg,0
441,Black DiamondWomen’s Rainbow Diamond Tank Top,https://i1.adis.ws/i/jpl/go_535183_a?w=364&h=364,0
442,Wild Country Spotter Denim Pant,https://bananafingers.co.uk/media/catalog/product/cache/183e1672aae0fbc68f03bfd4fd2e0cd0/b/1/b1e57927-8645-4d01-b90f-7af8d488dde6_wildcountry_2.jpg,0
443,Beal Ice Line 8.1mm Golden Dry Unicore - Pair,https://bananafingers.co.uk/media/catalog/product/cache/183e1672aae0fbc68f03bfd4fd2e0cd0/i/c/ice-line-81mm-gd-anis.jpg_1.png,1
444,Blue Ice Warthog 40L,https://bananafingers.co.uk/media/catalog/product/cache/183e1672aae0fbc68f03bfd4fd2e0cd0/w/a/warthog40-1front-web.jpg,0
445,DMMVertex Hammer 50cm Red,https://i1.adis.ws/i/jpl/go_526819_a?w=364&h=364,0
446,Rab Cubit Stretch Down Hoody - Women's,https://bananafingers.co.uk/media/catalog/product/cache/183e1672aae0fbc68f03bfd4fd2e0cd0/w/o/womens_cubit_stretch_down_hoody_deepheather_qdb_31_deh_2.jpg,0
447,Tendon Master Pro 8.9mm - Complete Shield,https://bananafingers.co.uk/media/catalog/product/cache/183e1672aae0fbc68f03bfd4fd2e0cd0/1/6/1624532851pink-89_0.jpg,1
448,Outdoor Research Shastin Pant - Tapenade - Women's,https://rockrun.com/cdn/shop/products/outdoor-research-shastin-pant-front_1600x.jpg?v=1655116162,0
449,Scarpa Quantix SF - Women's,https://bananafingers.co.uk/media/catalog/product/cache/183e1672aae0fbc68f03bfd4fd2e0cd0/7/0/70044-002-3_qua-sf-w_aqu-blk_quantix_sf_wmn_aqua_-_black_0_2.jpg,1
450,Edelrid Women's Sansara Pants III,https://bananafingers.co.uk/media/catalog/product/cache/183e1672aae0fbc68f03bfd4fd2e0cd0/4/9/49262_168a.webp_1.png,0
451,Blue Ice Cuesta Mens Harness Package,https://rockrun.com/cdn/shop/files/cuestaharnesspackage_1600x.png?v=1737456953,1
452,Mammut Kento Advanced High GTX Womens,https://rockrun.com/cdn/shop/files/1_9ad681ef-fa72-4b7f-afc3-7b26dfd6f47d_1600x.png?v=1730117033,0
453,Black DiamondQuickdraw Tour Probe 240,https://i1.adis.ws/i/jpl/go_314867_a?w=364&h=364,0
454,DMMXSRE Wire Carabiner,https://i1.adis.ws/i/jpl/go_673125_a?w=364&h=364,1
455,Blue Ice Warthog 30L,https://bananafingers.co.uk/media/catalog/product/cache/183e1672aae0fbc68f03bfd4fd2e0cd0/w/a/warthog30-1front-web.jpg,0
456,Outdoor Research Vantage Printed Crop Top - Women's,https://rockrun.com/cdn/shop/files/3009412691A1_1600x.jpg?v=1713540076,0
457,Climb XFlash Rock Shoe,https://i1.adis.ws/i/jpl/go_328921_a?w=364&h=364,1
458,DMMDragonfly Cam (size 5),https://i1.adis.ws/i/jpl/go_330773_a?w=364&h=364,1
459,Exped DeepSleep Mat Duo 7.5,https://rockrun.com/cdn/shop/products/ExpedDeepSleepMatDuo7.5_1600x.jpg?v=1584368977,1
460,Rab Boundary Shirt,https://bananafingers.co.uk/media/catalog/product/cache/183e1672aae0fbc68f03bfd4fd2e0cd0/b/o/boundary_shirt_chloritegreen_qbs_05_chg_1.jpg,0
461,Scarpa Quantic - Women's,https://bananafingers.co.uk/media/catalog/product/cache/183e1672aae0fbc68f03bfd4fd2e0cd0/1/i/1ieftmdeqqde2au4emxv-0b81962edd85feae505e912ea4c0bdb3_1.jpeg,1
462,DMMXSRE Mini Carabiner,https://i1.adis.ws/i/jpl/go_526827_a?w=364&h=364,1
463,Moon Striped Tech T-Shirt - Women's,https://bananafingers.co.uk/media/catalog/product/cache/183e1672aae0fbc68f03bfd4fd2e0cd0/r/-/r-1wtygi_2.jpeg,0
464,MetoliusLight Rail Training Board,https://i1.adis.ws/i/jpl/go_366630_a?w=364&h=364,1
465,Sea to Summit UltraLight ASC Mat,https://bananafingers.co.uk/media/catalog/product/cache/183e1672aae0fbc68f03bfd4fd2e0cd0/u/l/ultralight_1_1.png,0
466,WILD COUNTRYWomen's Session Shorts,https://i1.adis.ws/i/jpl/go_642742_a?w=364&h=364,0
467,EB Balboa,https://rockrun.com/cdn/shop/files/eb-balboa-outside_1600x.jpg?v=1742298057,1
468,Five-Ten CTC Short,https://bananafingers.co.uk/media/catalog/product/cache/183e1672aae0fbc68f03bfd4fd2e0cd0/e/o/eomw9uxbsmgrgn21pptj-073e5e79f59c74ffd24ba6dc6648ce7c_2.jpg,0
469,Boreal Satori Women's - Last Season's,https://bananafingers.co.uk/media/catalog/product/cache/183e1672aae0fbc68f03bfd4fd2e0cd0/9/b/9b808353-5adc-495f-af9e-087e9d895943-4_2_1.jpg,1
470,Scarpa Instinct SR - Last Season's,https://bananafingers.co.uk/media/catalog/product/cache/183e1672aae0fbc68f03bfd4fd2e0cd0/s/c/scarpa_0032_70037-000-1_ins-sr_ton_instinct_sr_tonic_2.jpg,1
471,Ocun Women's Pantera Shorts,https://bananafingers.co.uk/media/catalog/product/cache/183e1672aae0fbc68f03bfd4fd2e0cd0/p/i/pibwu81u_4.jpeg,0
472,Black Diamond Airnet Harness - Last Season's,https://bananafingers.co.uk/media/catalog/product/cache/183e1672aae0fbc68f03bfd4fd2e0cd0/b/l/black_diamond_airnet_harness-mens_black-white_0_1_1.jpg,1
473,Black Diamond Apollo,https://rockrun.com/cdn/shop/products/apollo-red_1600x.jpg?v=1547468415,0
474,Black Diamond Crag Denim Pants - Women's,https://bananafingers.co.uk/media/catalog/product/cache/183e1672aae0fbc68f03bfd4fd2e0cd0/7/6/76903b160ec1761990919a35b00e45ceb952aaf4_19525.1609981857.386.513_2.jpg,0
475,Wild Country Helium 3.0 Quickdraw 6 Pack,https://bananafingers.co.uk/media/catalog/product/cache/183e1672aae0fbc68f03bfd4fd2e0cd0/4/0/40-0000002001_1602_front.jpg,1
476,Metolius Adjustable Gear Sling,https://bananafingers.co.uk/media/catalog/product/cache/183e1672aae0fbc68f03bfd4fd2e0cd0/a/d/adjustable-gear-sling_4.jpg,1
477,E9 Strong Hero Chalk,https://bananafingers.co.uk/media/catalog/product/cache/183e1672aae0fbc68f03bfd4fd2e0cd0/s/t/stronghero-200g-01_1800x1800.png,1
478,Outdoor Research Helium Gaiter Womens,https://rockrun.com/cdn/shop/products/outdoor-research-helium-gaiter-womens_1600x.jpg?v=1655204684,0
479,Moon Lyra Vest,https://bananafingers.co.uk/media/catalog/product/cache/183e1672aae0fbc68f03bfd4fd2e0cd0/2/5/25-102-098-2_granite_01_2.jpeg,0
480,CampArmour Junior Helmet,https://i1.adis.ws/i/jpl/go_309459_a?w=364&h=364,0
481,Black Diamond Soloist Finger Gloves,https://bananafingers.co.uk/media/catalog/product/cache/183e1672aae0fbc68f03bfd4fd2e0cd0/b/l/black_diamond_soloist_finger_gloves_1.png,0
482,Black Diamond Approach Down Hoody - Men's - Last Season's,https://bananafingers.co.uk/media/catalog/product/cache/183e1672aae0fbc68f03bfd4fd2e0cd0/5/4/54f21832f982869ca473e340d1d4d7977cf49086__45177_webp_1.png,0
483,EdelridHMS Strike Triple Carabiner,https://i1.adis.ws/i/jpl/go_684039_a?w=364&h=364,1
484,C.A.M.P. Rox,https://bananafingers.co.uk/media/catalog/product/cache/183e1672aae0fbc68f03bfd4fd2e0cd0/c/a/camp-rox-40l-21a-cam-3073-black-1_2.jpg,0
485,KAVU Bottlepop Belt,https://bananafingers.co.uk/media/catalog/product/cache/183e1672aae0fbc68f03bfd4fd2e0cd0/1/1/1199_darkolive_l1_2x3_00329330-7422-4b09-b286-b1f6658f5f35_1000x1500_1.png,0
486,Outdoor ResearchMen's Advocate Hoodie,https://i1.adis.ws/i/jpl/go_673766_a?w=364&h=364,0
487,Tendon Master - 9.7mm Complete Shield,https://bananafingers.co.uk/media/catalog/product/cache/183e1672aae0fbc68f03bfd4fd2e0cd0/k/i/kib7llnrdu2lnk9d0sbz-5d77e64245d989eaec72baa3fa3951f3_0.jpeg,1
488,Black Diamond Trail Cork Trekking Poles (2024),https://rockrun.com/cdn/shop/products/tergo_1600x.jpg?v=1571657590,0
489,3rd Rock Women's Equinox - Reversible Bra,https://bananafingers.co.uk/media/catalog/product/cache/183e1672aae0fbc68f03bfd4fd2e0cd0/3/r/3rd-rock-equinox-geo-jaguar-front_1.jpg,0
490,MontaneMen's Phase XT Waterproof Jacket,https://i1.adis.ws/i/jpl/go_732212_a?w=364&h=364,0
491,PrAna Layna Jogger,https://bananafingers.co.uk/media/catalog/product/cache/183e1672aae0fbc68f03bfd4fd2e0cd0/1/9/1970171_black_alt_9_2.jpeg,0
492,C.A.M.P. M20,https://bananafingers.co.uk/media/catalog/product/cache/183e1672aae0fbc68f03bfd4fd2e0cd0/c/a/camp-m20-red-20-l_0_1.jpg,0
493,Wild Country Women's Movement Tank - Last Season's,https://bananafingers.co.uk/media/catalog/product/cache/183e1672aae0fbc68f03bfd4fd2e0cd0/0/1/01e73ac6-a3cc-4089-b4cf-5269865dfe2b_wildcountry_2.jpg,0
494,Outdoor Research Wadi Rum Jogger - Storm - Women's,https://rockrun.com/cdn/shop/products/outdoor-research-wadi-rum-jogger-front_1600x.jpg?v=1655114245,0
495,Picture Women's Tulee Stretch Pants - Last Season's,https://bananafingers.co.uk/media/catalog/product/cache/183e1672aae0fbc68f03bfd4fd2e0cd0/w/p/wpt096_a_f_4.png,0
496,Five-Ten GFX Longsleeve,https://bananafingers.co.uk/media/catalog/product/cache/183e1672aae0fbc68f03bfd4fd2e0cd0/f/s/fs5575_app_on-model_standard_white_2.jpg,0
497,Red Chili Voltage Lace,https://bananafingers.co.uk/media/catalog/product/cache/183e1672aae0fbc68f03bfd4fd2e0cd0/v/o/voltage_lace_2.jpg,1
498,Black DiamondMen’s Sierra Shorts,https://i1.adis.ws/i/jpl/go_535177_a?w=364&h=364,0
499,E9 Plin Fleece - Women's,https://rockrun.com/cdn/shop/files/w24-dfl007-plin-front-greenlake_1600x.png?v=1730115560,0
500,MSR Folding Fork,https://rockrun.com/cdn/shop/files/06590_msr_foldingutencil_fork_green_1600x.jpg?v=1685978483,0
501,Rab Cirrus Hut Boot,https://bananafingers.co.uk/media/catalog/product/cache/183e1672aae0fbc68f03bfd4fd2e0cd0/c/i/cirrus_hut_boot_chloritegreen_qaj_04_chg_2.jpg,0
502,PetzlMen’s Adjama Harness,https://i1.adis.ws/i/jpl/go_463216_a?w=364&h=364,1
503,Black Diamond Credo Pants - Women's,https://bananafingers.co.uk/media/catalog/product/cache/183e1672aae0fbc68f03bfd4fd2e0cd0/v/3/v399_0001_wcredopants_anthracite_1__2.png,0
504,Petzl ANGE L,https://rockrun.com/cdn/shop/products/ange-l__47529_zoom_1_1600x.jpg?v=1535975961,1
505,Edelrid Legacy Pant,https://bananafingers.co.uk/media/catalog/product/cache/183e1672aae0fbc68f03bfd4fd2e0cd0/4/9/49165_069a_2.jpg,0
506,Prana Kanab Shorts - Women's,https://rockrun.com/cdn/shop/files/1965431_GRANITE_1600x.jpg?v=1685708505,0
507,Metolius Boulder Holds (12 Pack),https://rockrun.com/cdn/shop/files/1_ffb1e579-aab1-494b-978d-421c69525e62_1600x.png?v=1742395038,1
508,Evolv Canvas Chalk Bag,https://bananafingers.co.uk/media/catalog/product/cache/183e1672aae0fbc68f03bfd4fd2e0cd0/c/0/c0omeu1vrqeh4iss9mfp-c2040acffc30ed5c6145ba880466705f_1.png,1
509,Climbing TechnologyAlp Loop 120cm,https://i1.adis.ws/i/jpl/go_675608_a?w=364&h=364,1
510,La Sportiva TX2 Evo - Women's,https://bananafingers.co.uk/media/catalog/product/cache/183e1672aae0fbc68f03bfd4fd2e0cd0/l/a/la-sportiva-womens-tx2-evo-approach-shoes.jpg,0
511,Sea to Summit Thermolite Reactor Liner (Mummy),https://bananafingers.co.uk/media/catalog/product/cache/183e1672aae0fbc68f03bfd4fd2e0cd0/r/e/reactorsleepingbaglinermummywithdrawcordcompact_asl031061-190903_primary_1_1.jpeg,0
512,Black Diamond Distance Carbon Z Womens (2024),https://rockrun.com/cdn/shop/products/112536_4050_WDISTANCECARBONZ_DARKPATINA_01_1600x.jpg?v=1677073785,0
513,Sea to Summit Ether Light XT Insulated Women's Mat (Regular),https://rockrun.com/cdn/shop/products/Sea_to_Summit_AMELXTINSWR_EtherLightXTInsulatedWomensMat_Regular_01_1600x.jpg?v=1573473155,0
514,Edelrid Loopo II Lite,https://bananafingers.co.uk/media/catalog/product/cache/183e1672aae0fbc68f03bfd4fd2e0cd0/7/4/74912_105a_2.jpg,1
515,C.A.M.P. Blade Runner,https://bananafingers.co.uk/media/catalog/product/cache/183e1672aae0fbc68f03bfd4fd2e0cd0/2/9/298001c_1.jpg,0
516,Wild Country Mosquito Backpack,https://bananafingers.co.uk/media/catalog/product/cache/183e1672aae0fbc68f03bfd4fd2e0cd0/0/c/0c3587f5-4437-4307-9d50-b053e9300e3b_wildcountry_2.jpg,0
517,Rab Women's Horizon Tights - Last Season's,https://bananafingers.co.uk/media/catalog/product/cache/183e1672aae0fbc68f03bfd4fd2e0cd0/w/o/womens_horizon_tights_beringsea_qfv_09_bes_2_1.jpg,0
518,Black Diamond Distance Carbon Z - Women's,https://bananafingers.co.uk/media/catalog/product/cache/183e1672aae0fbc68f03bfd4fd2e0cd0/1/1/112536_4050_w_distance_carbon_z_dark_patina_01_.png,0
519,Picture Men's Hanko Jacket,https://bananafingers.co.uk/media/catalog/product/cache/183e1672aae0fbc68f03bfd4fd2e0cd0/d/b/dblue_1.png,0
520,Unparallel NewTro VCS,https://bananafingers.co.uk/media/catalog/product/cache/183e1672aae0fbc68f03bfd4fd2e0cd0/2/8/2801901008-1080x1080_4.png,1
521,Blue Ice Wadi 22L,https://rockrun.com/cdn/shop/files/Wadi22-front-web_1600x.jpg?v=1686820493,0
522,Moon Sigma Tank,https://bananafingers.co.uk/media/catalog/product/cache/183e1672aae0fbc68f03bfd4fd2e0cd0/2/5/25-186-098-2_granite_02_1.jpeg,0
523,3rd Rock Titan Leggings - Last Season,https://bananafingers.co.uk/media/catalog/product/cache/183e1672aae0fbc68f03bfd4fd2e0cd0/3/r/3rd-rock-titan-crunch-front-grey-background2_1800x1800_0_2.jpg,0
524,The North Face Men's Simple Dome Tank,https://bananafingers.co.uk/media/catalog/product/cache/183e1672aae0fbc68f03bfd4fd2e0cd0/8/7/87r3_fn4_hero_1.png,0
525,DMMVertex Axe 50cm Red,https://i1.adis.ws/i/jpl/go_526818_a?w=364&h=364,0
526,3rd Rock Women's Titan Leggings,https://bananafingers.co.uk/media/catalog/product/cache/183e1672aae0fbc68f03bfd4fd2e0cd0/3/r/3rd-rock-titan-foggy-detail-1.jpg.webp_1.png,0
527,Black Diamond Raven Pro,https://bananafingers.co.uk/media/catalog/product/cache/183e1672aae0fbc68f03bfd4fd2e0cd0/4/1/410171_0000_ravenproiceaxe75cm_nocolor.jpg,0
528,Scarpa Furia S,https://bananafingers.co.uk/media/catalog/product/cache/183e1672aae0fbc68f03bfd4fd2e0cd0/s/c/scarpa_0002_70055-000-1_fur-s_par-yel_furia_s_parrot_-_yellow_2.jpg,1
529,E9 Brush,https://bananafingers.co.uk/media/catalog/product/cache/183e1672aae0fbc68f03bfd4fd2e0cd0/e/9/e9-brush-green_1800x1800_1.jpg,1
530,Black DiamondBod Harness,https://i1.adis.ws/i/jpl/go_150769_a?w=364&h=364,1
531,Black Diamond Shadow LV,https://bananafingers.co.uk/media/catalog/product/cache/183e1672aae0fbc68f03bfd4fd2e0cd0/b/l/black_diamond_shadow_lv_climbing_shoe_10.jpg,1
532,Outdoor ResearchWomen's Zendo Pants,https://i1.adis.ws/i/jpl/go_673763_a?w=364&h=364,0
533,Edelrid Jayne III Harness,https://rockrun.com/cdn/shop/files/74326_488a_1600x.jpg?v=1738058660,1
534,Wild Country Flow Short - Men's,https://rockrun.com/cdn/shop/files/Wild-Country-Flow-Short-Mens-Deepwater_1600x.png?v=1739977825,0
535,EB Red,https://rockrun.com/cdn/shop/products/RED_ext_200mm_cmyk_052019_1600x.jpg?v=1639649988,1
536,Moon Mesh Trucker Cap,https://bananafingers.co.uk/media/catalog/product/cache/183e1672aae0fbc68f03bfd4fd2e0cd0/j/o/joke6nfe_1.jpeg,0
537,OcunWomen's Noya Pants,https://i1.adis.ws/i/jpl/go_674099_a?w=364&h=364,0
538,MSR Folding Spoon & Fork Kit,https://rockrun.com/cdn/shop/products/msr-folding-spoon-fork-kit_1600x.jpg?v=1650976693,0
539,Blue Ice Wadi Pack,https://bananafingers.co.uk/media/catalog/product/cache/183e1672aae0fbc68f03bfd4fd2e0cd0/w/a/wadi15-vulcan-front-web_1.png,0
540,The North Face Men's 100 Glacier Full-Zip Fleece,https://bananafingers.co.uk/media/catalog/product/cache/183e1672aae0fbc68f03bfd4fd2e0cd0/t/h/the-north-face-100-glacier-full-zip-fleece-jacket.jpg,0
541,Black Diamond Lost Arrow Piton in Black,https://www.climbers-shop.com/images/outdoor-blackdiamond-u-lostarrowpitons_black.png?width=480&height=480&format=webp&quality=70&scale=both,1
542,Five-Ten Glory T-Shirt,https://bananafingers.co.uk/media/catalog/product/cache/183e1672aae0fbc68f03bfd4fd2e0cd0/h/4/h46050_2_apparel_photography_front_center_view_white.jpg,0
543,Ocun Hawk QD Combi PA 16mm 15cm,https://bananafingers.co.uk/media/catalog/product/cache/183e1672aae0fbc68f03bfd4fd2e0cd0/1/o/1ojnjxmxk1.04074-hawk-qd-combi-pa-16-blue-15cm.jpg,1
544,Edelrid Boulder Brush,https://www.climbers-shop.com/images/products/b/bo/boulder-brush.jpg?width=480&height=480&format=webp&quality=70&scale=both,1
545,PetzlNomic Ice Climbing Axe,https://i1.adis.ws/i/jpl/go_329880_a?w=364&h=364,0
546,MontaneWomen’s Ineo Lite Pants,https://i1.adis.ws/i/jpl/go_624454_a?w=364&h=364,0
547,3rd Rock Women's Boop T-Shirt,https://bananafingers.co.uk/media/catalog/product/cache/183e1672aae0fbc68f03bfd4fd2e0cd0/3/r/3rd-rock-boop-swell-front-pink-back3_1.jpg,0
548,La Sportiva Futura - Women' s,https://bananafingers.co.uk/media/catalog/product/cache/183e1672aae0fbc68f03bfd4fd2e0cd0/l/a/la_sportiva_futura_womens_2_4.jpg,1
549,Black Diamond Block Print Mountain SS Tee - Men's,https://rockrun.com/cdn/shop/files/BlackDiamond-BPrint-T-Red_1600x.png?v=1688386069,0
550,MSR WindBurner Coffee Press (1.8 litre),https://rockrun.com/cdn/shop/products/1458130013-01078800_1600x.jpg?v=1506884731,0
551,PrAna Graphic Short-Sleeve Tee,https://bananafingers.co.uk/media/catalog/product/cache/183e1672aae0fbc68f03bfd4fd2e0cd0/b/i/bigblue_1.png,0
552,Patagonia Ahnya Pants - Women's,https://bananafingers.co.uk/media/catalog/product/cache/183e1672aae0fbc68f03bfd4fd2e0cd0/p/o/pos-wbs25_21974_wldb_1.jpg,0
553,Sea to Summit Air Seat Insulated,https://bananafingers.co.uk/media/catalog/product/cache/183e1672aae0fbc68f03bfd4fd2e0cd0/s/e/sea-to-summit-air-seat-insulated_2.jpg,0
554,E9 Cinzia Bra Top,https://bananafingers.co.uk/media/catalog/product/cache/183e1672aae0fbc68f03bfd4fd2e0cd0/s/2/s23-dto002-cinzia-front-_iron_2.webp.png,0
555,Evolv Geshido Lace Women's,https://bananafingers.co.uk/media/catalog/product/cache/183e1672aae0fbc68f03bfd4fd2e0cd0/g/e/geshidolacewomens_1_2.jpg,1
556,Outdoor Research Ferrosi Short - Men's,https://rockrun.com/cdn/shop/files/2876442289A1_1600x.jpg?v=1713528468,0
557,EVOLVWomen’s Kira Climbing Shoes,https://i1.adis.ws/i/jpl/go_273611_a?w=364&h=364,1
558,Black Diamond Distance Gaiter,https://bananafingers.co.uk/media/catalog/product/cache/183e1672aae0fbc68f03bfd4fd2e0cd0/5/1/5141_source_1616208963_1.jpg,0
559,Black Diamond Pipe Dream 45,https://bananafingers.co.uk/media/catalog/product/cache/183e1672aae0fbc68f03bfd4fd2e0cd0/6/8/681159_blak_pipe_dream_45_pack_black_01_.png,0
560,Edelrid Ace,https://bananafingers.co.uk/media/catalog/product/cache/183e1672aae0fbc68f03bfd4fd2e0cd0/e/d/edelrid_ace_1.jpg,1
561,Edelrid Men's Spotter Crew,https://bananafingers.co.uk/media/catalog/product/cache/183e1672aae0fbc68f03bfd4fd2e0cd0/4/9/49235_403a.webp_1.png,0
562,Moon Samurai Shorts - Women's,https://bananafingers.co.uk/media/catalog/product/cache/183e1672aae0fbc68f03bfd4fd2e0cd0/s/a/samurai-short-ocean-blue-update_1_1.jpeg,0
563,Moon Atlas Legging,https://bananafingers.co.uk/media/catalog/product/cache/183e1672aae0fbc68f03bfd4fd2e0cd0/1/0/10-029_atlas_legging_black_front-2_2.jpg,0
564,Moon Wind Cheater,https://bananafingers.co.uk/media/catalog/product/cache/183e1672aae0fbc68f03bfd4fd2e0cd0/m/o/moon_wind_cheater_1_2.jpg,0
565,MontaneMen's Transpose T-Shirt,https://i1.adis.ws/i/jpl/go_624449_a?w=364&h=364,0
566,Climbing Technology Alp Loop 120cm - Red,https://www.climbers-shop.com/images/products/a/al/alp-loop_7w170120hcc.png?width=480&height=480&format=webp&quality=70&scale=both,1
567,Edelrid Splitter Twist Chalk Bag - Last Season's,https://bananafingers.co.uk/media/catalog/product/cache/183e1672aae0fbc68f03bfd4fd2e0cd0/7/2/72178_278a.webp.png,1
568,Wild Country Helium 3.0 Quickdraw,https://bananafingers.co.uk/media/catalog/product/cache/183e1672aae0fbc68f03bfd4fd2e0cd0/4/0/40-0000002000_1602_front.jpg,1
569,Rab Women's Syncrino Leggings,https://bananafingers.co.uk/media/catalog/product/cache/183e1672aae0fbc68f03bfd4fd2e0cd0/w/o/womens_syncrino_leggings_beluga_qbl_37_bel.jpg,0
570,Looking For Wild Sweat SHEEP,https://bananafingers.co.uk/media/catalog/product/cache/183e1672aae0fbc68f03bfd4fd2e0cd0/l/f/lfjchnirvstfjdxciusq-b6f1a008f4630c05bd9ea573f34ff380_1_2.jpeg,0
571,EdelridWomen's Sansara Pants,https://i1.adis.ws/i/jpl/go_674088_a?w=364&h=364,0
572,Black Diamond Focus Women's,https://bananafingers.co.uk/media/catalog/product/cache/183e1672aae0fbc68f03bfd4fd2e0cd0/u/n/untitled-3_4_2.jpg,1
573,Picture Men's Shari FZ Tech Hoodie,https://bananafingers.co.uk/media/catalog/product/cache/183e1672aae0fbc68f03bfd4fd2e0cd0/m/s/msw389_a_f.png,0
574,Scarpa Quantic - Men's,https://bananafingers.co.uk/media/catalog/product/cache/183e1672aae0fbc68f03bfd4fd2e0cd0/d/f/df3952_49cb9749213b4e4489a897228bb61304mv2_2.jpg,1
575,camperStalker / Neve Winter Pack,https://i1.adis.ws/i/jpl/go_326391_a?w=364&h=364,0
576,KAVU Malin Tee,https://bananafingers.co.uk/media/catalog/product/cache/183e1672aae0fbc68f03bfd4fd2e0cd0/2/1/2162_shavedicetiedye_l1_1.png,0
577,MontaneWomen’s Protium Sweater,https://i1.adis.ws/i/jpl/go_624451_a?w=364&h=364,0
578,Sea to Summit Comfort Deluxe Self Inflating Mat,https://bananafingers.co.uk/media/catalog/product/cache/183e1672aae0fbc68f03bfd4fd2e0cd0/c/o/comfort_deluxe_s_i_regular_wide_sea_to_summit_2_sleep_mat_2.jpg,0
579,Outdoor Research Women's Vantage Printed Bralette - Light Support,https://bananafingers.co.uk/media/catalog/product/cache/183e1672aae0fbc68f03bfd4fd2e0cd0/3/0/3006342353d1_1_1.png,0
580,CampTethys Pulley,https://i1.adis.ws/i/jpl/go_320953_a?w=364&h=364,1
581,The North Face Men's Thermoball™ Eco Hooded Jacket,https://bananafingers.co.uk/media/catalog/product/cache/183e1672aae0fbc68f03bfd4fd2e0cd0/r/x/rxcf1lljttwj28uvocae-6b71dee61c15d8a249eb34ae94f23232.png,0
582,La Sportiva Stripe Evo T-Shirt - Women's,https://bananafingers.co.uk/media/catalog/product/cache/183e1672aae0fbc68f03bfd4fd2e0cd0/l/a/la-sportiva-womens-stripe-evo-t-shirt.jpg,0
583,C.A.M.P. Impulse CR,https://bananafingers.co.uk/media/catalog/product/cache/183e1672aae0fbc68f03bfd4fd2e0cd0/1/-/1-2937_a-impulse-cr-20_2.jpg,1
584,Outdoor ResearchWomen's Vantage Bra,https://i1.adis.ws/i/jpl/go_673762_a?w=364&h=364,0
585,Tendon Lowe - 9.7mm Complete Shield,https://bananafingers.co.uk/media/catalog/product/cache/183e1672aae0fbc68f03bfd4fd2e0cd0/1/5/1554379234lowe-97-d097tw41small_0.png,1
586,Metolius Ropemaster HC,https://rockrun.com/cdn/shop/products/ropemaster-rope-bag-blueLargeFirst_1600x.jpg?v=1624879591,0
587,MontaneWomen’s Dart Vest,https://i1.adis.ws/i/jpl/go_624453_a?w=364&h=364,0
588,EB Black Opium,https://rockrun.com/cdn/shop/files/EB-Black-Opium-Climbing-Shoe-Side_1600x.jpg?v=1715336787,1
589,GrivelDouble Spring Evo Leash,https://i1.adis.ws/i/jpl/go_562535_a?w=364&h=364,1
590,Picture Women's Novita Tech Tee,https://bananafingers.co.uk/media/catalog/product/cache/183e1672aae0fbc68f03bfd4fd2e0cd0/w/t/wts472_b_f.png,0
591,Patagonia Women's Merino 3/4-Sleeved Bike Jersey - Last Season's,https://bananafingers.co.uk/media/catalog/product/cache/183e1672aae0fbc68f03bfd4fd2e0cd0/w/b/wbs22_23940_dubn_0_1.jpg,0
592,Picture Women's Slee CC Tee,https://bananafingers.co.uk/media/catalog/product/cache/183e1672aae0fbc68f03bfd4fd2e0cd0/w/t/wts480_a_f.png,0
593,Tendon Master - 7.8mm Complete Shield,https://bananafingers.co.uk/media/catalog/product/cache/183e1672aae0fbc68f03bfd4fd2e0cd0/1/5/1557585987master-78-d078td42small.png,1
594,Moon Striped TTS T-Shirt - Men's (Size XS),https://rockrun.com/cdn/shop/products/moon-striped-tts-grey_1600x.jpg?v=1674826099,0
595,The North Face Women's Summit Futurelight™ Jacket,https://bananafingers.co.uk/media/catalog/product/cache/183e1672aae0fbc68f03bfd4fd2e0cd0/d/o/download_10_2.jpg,0
596,Rab Capstone Shorts - Women's,https://bananafingers.co.uk/media/catalog/product/cache/183e1672aae0fbc68f03bfd4fd2e0cd0/w/o/womens_capstone_shorts_anisegreen_qfu_97_ang_1_1.jpg,0
597,Climbing Technology Alp Loop 60cm - Blue,https://www.climbers-shop.com/images/products/a/al/alp-loop_7w170060hdd.png?width=480&height=480&format=webp&quality=70&scale=both,1
598,Mammut Kento Advanced High GTX Mens,https://rockrun.com/cdn/shop/files/3_b5a7edbd-0da5-4194-a9a0-1a1c304d4105_1600x.png?v=1730117039,0
599,Black Diamond Camalot Ultralight 0.4 Cam in White,https://www.climbers-shop.com/images/outdoor-blackdiamond-u-camelotultralight0_4cam_white.png?width=480&height=480&format=webp&quality=70&scale=both,1
600,Metolius Contact Hangboard,https://bananafingers.co.uk/media/catalog/product/cache/183e1672aae0fbc68f03bfd4fd2e0cd0/c/o/contact-white_88078_zoom_5000x_1_1.jpg,1
